,Company,TypeName,Inches,Ram,OpSys,Weight,Price_euros,Screen,ScreenW,ScreenH,Touchscreen,IPSpanel,RetinaDisplay,CPU_brand,CPU_base_clock_speed,PrimaryStorage,PrimaryStorageType,SecondaryStorage,SecondaryStorageType,GPU_company
0,1,4,13.3,8.0,8,1.37,1339.69,3,2560.0,1600.0,0,1,1,1,2.3,128,3,0,2,2
1,1,4,13.3,8.0,8,1.34,898.94,3,1440.0,900.0,0,0,0,1,1.8,128,0,0,2,2
2,7,3,15.6,8.0,4,1.86,575.0,1,1920.0,1080.0,0,0,0,1,2.5,256,3,0,2,2
3,1,4,15.4,16.0,8,1.83,2537.45,3,2880.0,1800.0,0,1,1,1,2.7,512,3,0,2,0
4,1,4,13.3,8.0,8,1.37,1803.6,3,2560.0,1600.0,0,1,1,1,3.1,256,3,0,2,2
5,0,3,15.6,4.0,5,2.1,400.0,3,1366.0,768.0,0,0,0,0,3.0,500,1,0,2,0
6,1,4,15.4,16.0,3,2.04,2139.97,3,2880.0,1800.0,0,1,1,1,2.2,256,0,0,2,2
7,1,4,13.3,8.0,8,1.34,1158.7,3,1440.0,900.0,0,0,0,1,1.8,256,0,0,2,2
8,2,4,14.0,16.0,5,1.3,1495.0,1,1920.0,1080.0,0,0,0,1,1.8,512,3,0,2,3
9,0,4,14.0,8.0,5,1.6,770.0,1,1920.0,1080.0,0,1,0,1,1.6,256,3,0,2,2
10,7,3,15.6,4.0,4,1.86,393.9,3,1366.0,768.0,0,0,0,1,2.5,500,1,0,2,2
11,7,3,15.6,4.0,4,1.86,344.99,1,1920.0,1080.0,0,0,0,1,2.0,500,1,0,2,2
12,1,4,15.4,16.0,8,1.83,2439.97,3,2880.0,1800.0,0,1,1,1,2.8,256,3,0,2,0
13,4,3,15.6,4.0,5,2.2,498.9,1,1920.0,1080.0,0,0,0,1,2.0,256,3,0,2,0
14,1,4,12.0,8.0,8,0.97,1262.4,3,2304.0,1440.0,0,1,1,1,1.2,256,3,0,2,2
15,1,4,13.3,8.0,8,1.37,1518.55,3,2560.0,1600.0,0,1,1,1,2.3,256,3,0,2,2
16,4,3,15.6,8.0,5,2.2,745.0,1,1920.0,1080.0,0,0,0,1,2.7,256,3,0,2,0
17,1,4,15.4,16.0,8,1.83,2711.2200000000007,3,2880.0,1800.0,0,1,1,1,2.9,512,3,0,2,0
18,10,3,15.6,8.0,4,2.2,499.0,1,1920.0,1080.0,0,0,0,1,2.4,1,4,0,2,3
19,4,4,13.3,8.0,5,1.22,979.0,1,1920.0,1080.0,1,1,0,1,1.6,128,3,0,2,2
20,2,2,11.6,2.0,5,0.98,229.0,3,1366.0,768.0,0,0,0,1,1.44,32,0,0,2,2
21,10,1,15.6,8.0,5,2.5,999.0,1,1920.0,1080.0,0,1,0,1,2.5,128,3,1024,0,3
22,7,3,15.6,4.0,4,1.86,258.0,3,1366.0,768.0,0,0,0,0,1.5,500,1,0,2,0
23,4,0,13.3,8.0,5,1.62,819.0,1,1920.0,1080.0,1,0,0,1,1.6,256,3,0,2,2
24,7,4,15.6,8.0,5,1.91,659.0,1,1920.0,1080.0,0,0,0,1,1.8,256,3,0,2,2
25,4,3,15.6,4.0,5,2.3,418.64,3,1366.0,768.0,0,0,0,1,2.0,1,4,0,2,2
26,1,4,13.3,8.0,3,1.35,1099.0,3,1440.0,900.0,0,0,0,1,1.6,128,0,0,2,2
27,4,3,15.6,8.0,5,2.2,800.0,1,1920.0,1080.0,0,0,0,1,1.6,256,3,0,2,0
28,4,4,15.6,8.0,5,1.88,1298.0,1,1920.0,1080.0,0,0,0,1,1.9,256,3,256,3,2
29,7,3,17.3,8.0,5,2.5,896.0,1,1920.0,1080.0,0,0,0,1,1.6,1,4,0,2,3
30,3,3,15.6,4.0,5,1.89,244.99,1,1920.0,1080.0,0,0,0,1,1.44,64,0,0,2,2
31,2,3,14.0,2.0,5,1.65,229.0,3,1366.0,768.0,0,0,0,0,1.5,32,0,0,2,0
32,7,3,17.3,4.0,5,2.71,439.0,1,1920.0,1080.0,0,0,0,0,2.5,500,1,0,2,0
33,4,4,13.3,16.0,5,1.2,1869.0,2,3200.0,1800.0,1,0,0,1,1.8,512,3,0,2,2
34,1,4,13.3,8.0,3,1.35,998.0,3,1440.0,900.0,0,0,0,1,1.6,256,0,0,2,2
35,10,3,14.0,4.0,5,1.44,249.0,3,1366.0,768.0,0,0,0,1,1.1,64,0,0,2,2
36,0,3,15.6,4.0,2,2.1,367.0,3,1366.0,768.0,0,0,0,1,2.7,1,4,0,2,2
37,4,3,17.3,8.0,5,2.8,979.0,1,1920.0,1080.0,0,1,0,1,1.6,128,3,1024,0,0
38,7,3,15.6,4.0,5,1.86,488.69,3,1366.0,768.0,0,0,0,1,2.5,1,4,0,2,2
39,7,3,15.6,8.0,5,2.1,879.0,1,1920.0,1080.0,0,0,0,1,1.6,256,3,0,2,3
40,2,3,15.6,4.0,2,2.0,389.0,1,1920.0,1080.0,0,0,0,1,2.0,1,4,0,2,2
41,4,1,15.6,16.0,5,2.65,1499.0,1,1920.0,1080.0,0,1,0,1,2.8,256,3,1024,0,3
42,2,3,15.6,8.0,2,2.3,522.99,3,1366.0,768.0,0,0,0,1,2.5,1,4,0,2,3
43,0,3,15.6,4.0,5,2.2,682.0,1,1920.0,1080.0,0,1,0,1,1.6,256,3,0,2,2
44,4,0,17.3,12.0,5,2.77,999.0,1,1920.0,1080.0,1,0,0,1,1.6,1,4,0,2,3
45,1,4,13.3,8.0,8,1.37,1419.0,3,2560.0,1600.0,0,1,1,1,2.0,256,3,0,2,2
46,10,3,15.6,4.0,4,2.2,369.0,3,1366.0,768.0,0,0,0,1,2.0,128,3,0,2,2
47,2,1,17.3,8.0,5,3.2,1299.0,1,1920.0,1080.0,0,0,0,0,3.0,256,3,1024,0,0
48,4,3,15.6,4.0,5,2.3,639.0,1,1920.0,1080.0,0,0,0,1,2.5,256,3,0,2,0
49,2,3,17.3,4.0,5,2.8,466.0,3,1366.0,768.0,0,0,0,1,1.1,1,4,0,2,3
50,10,0,11.6,4.0,0,0.97,319.0,3,1920.0,1200.0,1,1,0,1,1.44,64,0,0,2,2
51,0,3,15.6,8.0,5,2.2,841.0,1,1920.0,1080.0,0,1,0,1,1.8,256,3,0,2,3
52,7,3,15.6,4.0,5,1.86,398.49,1,1920.0,1080.0,0,0,0,0,2.5,256,3,0,2,0
53,7,3,13.3,8.0,5,1.49,1103.0,1,1920.0,1080.0,0,0,0,1,1.8,512,3,0,2,2
54,0,3,15.6,4.0,5,2.4,384.0,3,1366.0,768.0,0,0,0,1,2.4,1,4,0,2,2
55,4,3,15.6,8.0,5,2.13,767.8,1,1920.0,1080.0,0,0,0,1,1.8,256,3,0,2,0
56,7,3,15.6,4.0,5,1.91,439.0,1,1920.0,1080.0,0,0,0,1,2.0,128,3,0,2,2
57,2,3,15.6,4.0,5,2.0,586.19,3,1366.0,768.0,0,0,0,1,2.5,256,3,0,2,2
58,11,1,17.3,16.0,5,2.43,2449.0,1,1920.0,1080.0,0,0,0,1,2.8,256,3,2048,0,3
59,2,3,15.6,4.0,2,2.0,415.0,1,1920.0,1080.0,0,0,0,1,2.0,256,3,0,2,2
60,4,3,17.3,16.0,5,2.8,1299.0,1,1920.0,1080.0,0,0,0,1,1.8,256,3,2048,0,0
61,4,4,14.0,8.0,5,1.7,879.0,1,1920.0,1080.0,0,0,0,1,1.6,256,3,0,2,2
62,10,3,14.0,8.0,4,1.7,599.0,1,1920.0,1080.0,0,1,0,1,2.7,256,3,0,2,2
63,2,3,14.0,8.0,5,1.4,941.0,1,1920.0,1080.0,0,0,0,1,1.6,256,3,0,2,2
64,7,3,15.6,8.0,5,1.86,690.0,1,1920.0,1080.0,0,0,0,1,2.5,256,3,0,2,2
65,2,4,15.6,16.0,5,1.8,1983.0,1,1920.0,1080.0,0,0,0,1,2.8,512,3,0,2,3
66,7,3,15.6,4.0,5,1.86,438.69,3,1366.0,768.0,0,0,0,1,2.0,500,1,0,2,0
67,7,3,14.0,4.0,5,1.44,229.0,3,1366.0,768.0,0,0,0,1,1.6,32,3,0,2,2
68,10,3,15.6,4.0,5,1.9,549.0,1,1920.0,1080.0,0,0,0,1,2.5,1,4,0,2,2
69,2,1,17.3,12.0,2,3.0,949.0,1,1920.0,1080.0,0,0,0,1,2.8,1,4,0,2,3
70,13,4,13.5,4.0,6,1.252,1089.0,3,2256.0,1504.0,1,0,0,1,2.5,128,3,0,2,2
71,4,4,13.3,8.0,5,1.4,955.0,1,1920.0,1080.0,0,1,0,1,1.8,256,3,0,2,0
72,4,3,15.6,8.0,5,2.2,870.0,1,1920.0,1080.0,0,0,0,1,1.8,256,3,0,2,0
73,11,1,17.3,8.0,5,2.7,1095.0,1,1920.0,1080.0,0,0,0,1,2.5,128,3,1024,0,3
74,0,3,14.0,8.0,5,2.1,389.0,3,1366.0,768.0,0,0,0,1,2.0,1,4,0,2,2
75,2,1,15.6,8.0,5,2.2,949.0,1,1920.0,1080.0,0,0,0,1,2.8,1,4,0,2,3
76,10,3,15.6,8.0,4,2.2,519.0,1,1920.0,1080.0,0,0,0,1,2.5,2,4,0,2,2
77,4,3,15.6,8.0,5,2.02,855.0,1,1920.0,1080.0,0,0,0,1,1.8,128,3,1024,0,2
78,0,3,15.6,4.0,5,2.2,530.0,1,1920.0,1080.0,0,0,0,1,2.7,1,4,0,2,3
79,7,3,17.3,8.0,5,2.5,977.0,1,1920.0,1080.0,0,0,0,1,1.6,128,3,1024,0,3
80,4,4,15.6,8.0,5,1.88,1096.16,1,1920.0,1080.0,0,1,0,1,1.6,256,3,0,2,2
81,1,4,12.0,8.0,8,0.97,1510.0,3,2304.0,1440.0,0,1,1,1,1.3,512,3,0,2,2
82,7,3,14.0,8.0,5,1.63,860.0,1,1920.0,1080.0,0,0,0,1,1.6,256,3,0,2,2
83,10,3,15.6,4.0,5,2.2,399.0,1,1920.0,1080.0,0,0,0,0,2.5,128,3,0,2,0
84,0,3,15.6,4.0,5,2.1,395.0,3,1366.0,768.0,0,0,0,0,3.0,1,4,0,2,0
85,4,1,15.6,16.0,5,2.65,1349.0,1,1920.0,1080.0,0,1,0,1,2.8,128,3,1024,0,3
86,7,4,15.6,8.0,5,1.83,699.0,1,1920.0,1080.0,0,1,0,1,1.8,256,3,0,2,3
87,7,3,15.6,8.0,5,1.96,598.99,1,1920.0,1080.0,0,0,0,1,2.5,256,3,0,2,2
88,2,1,15.6,16.0,5,2.2,1449.0,1,1920.0,1080.0,0,1,0,1,2.8,128,3,1024,0,3
89,4,4,13.3,8.0,5,1.21,1649.0,1,1920.0,1080.0,0,1,0,1,1.8,256,3,0,2,2
90,2,1,15.6,8.0,5,2.45,699.0,1,1920.0,1080.0,0,0,0,0,3.0,1,4,0,2,0
91,0,3,15.6,8.0,5,2.2,689.0,1,1920.0,1080.0,0,0,0,1,1.8,1,4,0,2,3
92,7,3,13.3,16.0,5,1.49,1197.0,1,1920.0,1080.0,0,0,0,1,1.8,512,3,0,2,2
93,4,1,15.6,8.0,5,2.65,1195.0,1,1920.0,1080.0,0,0,0,1,2.5,256,3,0,2,3
94,2,4,14.0,8.0,5,1.25,1049.0,1,1920.0,1080.0,0,0,0,1,2.7,256,3,0,2,2
95,0,0,13.3,8.0,5,1.5,847.0,1,1920.0,1080.0,1,1,0,1,1.6,256,3,0,2,2
96,4,3,15.6,8.0,2,2.2,599.9,1,1920.0,1080.0,0,0,0,1,2.7,1,4,0,2,0
97,4,3,15.6,4.0,2,2.2,485.0,1,1920.0,1080.0,0,0,0,1,2.0,256,3,0,2,0
98,2,3,15.6,6.0,5,2.0,577.0,1,1920.0,1080.0,0,0,0,1,2.4,256,3,0,2,3
99,7,1,15.6,12.0,5,2.62,1249.0,1,1920.0,1080.0,0,1,0,1,2.8,128,3,1024,0,3
100,7,3,15.6,8.0,5,1.91,719.0,1,1920.0,1080.0,0,0,0,1,2.7,256,3,0,2,0
101,7,3,15.6,4.0,5,2.1,349.0,1,1920.0,1080.0,0,0,0,0,1.5,500,1,0,2,0
102,4,3,15.6,8.0,2,2.2,647.0,1,1920.0,1080.0,0,0,0,1,1.6,1,4,0,2,0
103,7,4,13.3,8.0,5,1.38,1119.0,1,1920.0,1080.0,0,1,0,1,2.7,256,3,0,2,3
104,13,4,13.5,8.0,6,1.252,1340.0,3,2256.0,1504.0,1,0,0,1,2.5,256,3,0,2,2
105,7,3,14.0,6.0,5,1.58,659.0,1,1920.0,1080.0,0,1,0,1,2.5,256,3,0,2,3
106,10,3,15.6,4.0,5,1.85,414.9,1,1920.0,1080.0,0,0,0,1,2.0,1,4,0,2,2
107,2,4,14.0,8.0,5,1.3,1193.0,1,1920.0,1080.0,0,1,0,1,2.7,256,3,0,2,3
108,11,1,15.6,16.0,5,2.2,1299.0,1,1920.0,1080.0,0,0,0,1,2.8,256,3,1024,0,3
109,10,3,14.0,8.0,5,1.58,1480.0,1,1920.0,1080.0,0,1,0,1,2.7,256,3,0,2,2
110,2,4,15.6,16.0,5,1.5,1262.0,1,1920.0,1080.0,0,0,0,1,1.8,256,3,1024,0,3
111,4,4,13.3,8.0,5,1.23,1379.0,2,3200.0,1800.0,1,0,0,1,2.4,256,3,0,2,2
112,10,0,13.3,8.0,5,1.37,1399.0,1,1920.0,1080.0,1,1,0,1,2.5,256,3,0,2,2
113,7,3,14.0,4.0,5,1.63,722.0,3,1366.0,768.0,0,1,0,1,1.6,500,1,0,2,2
114,4,4,13.3,8.0,5,1.21,1629.0,1,1920.0,1080.0,0,1,0,1,1.6,256,3,0,2,2
115,7,0,13.3,8.0,5,1.26,1398.99,1,1920.0,1080.0,1,1,0,1,1.6,256,3,0,2,2
116,7,3,14.0,8.0,5,1.63,1084.0,1,1920.0,1080.0,0,0,0,1,1.8,512,3,0,2,2
117,4,3,15.6,8.0,5,2.16,1130.33,1,1920.0,1080.0,0,1,0,1,1.8,256,3,1024,0,3
118,2,3,17.3,4.0,5,2.0,564.0,1,1920.0,1080.0,0,0,0,1,2.0,1,4,0,2,3
119,2,3,15.6,8.0,5,1.7,1118.0,1,1920.0,1080.0,0,0,0,1,1.8,256,3,0,2,3
120,0,3,15.6,6.0,5,2.1,479.0,1,1920.0,1080.0,1,1,0,1,2.4,1,4,0,2,2
121,11,1,15.6,16.0,5,1.8,2241.5,1,1920.0,1080.0,0,0,0,1,2.8,256,3,2048,0,3
122,10,3,15.6,8.0,4,2.2,629.0,1,1920.0,1080.0,0,0,0,1,2.5,256,3,0,2,3
123,7,3,17.3,16.0,5,2.5,1271.0,1,1920.0,1080.0,0,0,0,1,1.8,512,3,0,2,3
124,0,3,15.6,4.0,5,2.1,451.0,3,1366.0,768.0,0,0,0,0,3.0,256,3,0,2,0
125,7,3,15.6,4.0,4,1.86,259.0,3,1366.0,768.0,0,0,0,1,1.6,500,1,0,2,2
126,7,3,14.0,8.0,5,1.63,812.0,1,1920.0,1080.0,0,0,0,1,1.6,1,4,0,2,2
127,2,3,14.0,4.0,6,1.65,277.99,3,1366.0,768.0,0,0,0,0,1.5,64,3,0,2,0
128,4,3,17.3,16.0,5,2.8,1396.0,1,1920.0,1080.0,0,0,0,1,1.8,256,3,2048,0,0
129,7,3,17.3,8.0,5,2.5,928.0,1,1920.0,1080.0,0,0,0,1,1.6,256,3,0,2,2
130,4,3,15.6,8.0,5,2.36,638.99,3,1366.0,768.0,0,0,0,1,2.5,1,4,0,2,0
131,4,3,15.6,4.0,5,2.2,449.0,1,1920.0,1080.0,0,0,0,1,2.0,1,4,0,2,0
132,0,4,14.0,8.0,5,1.6,884.0,1,1920.0,1080.0,0,1,0,1,1.8,256,3,0,2,2
133,0,3,15.6,4.0,5,2.2,572.0,1,1920.0,1080.0,0,0,0,1,2.7,256,3,0,2,3
134,7,3,15.6,8.0,5,2.05,598.0,3,1366.0,768.0,0,0,0,1,2.7,1,4,0,2,2
135,7,3,14.0,8.0,5,1.63,988.0,1,1920.0,1080.0,0,0,0,1,1.8,256,3,0,2,2
136,10,3,15.6,4.0,4,1.9,252.36,3,1366.0,768.0,0,0,0,1,1.1,1,4,0,2,2
137,2,1,17.3,8.0,5,3.0,938.0,1,1920.0,1080.0,0,0,0,1,2.5,128,3,1024,0,3
138,10,3,15.6,4.0,4,2.2,499.0,1,1920.0,1080.0,0,0,0,1,2.5,1,4,0,2,3
139,7,3,13.3,4.0,5,1.32,699.0,1,1920.0,1080.0,0,1,0,1,2.5,256,3,0,2,2
140,0,3,17.3,4.0,5,3.0,655.0,1,1920.0,1080.0,0,1,0,1,2.7,1,4,0,2,3
141,10,3,14.0,8.0,5,1.75,1116.02,1,1920.0,1080.0,0,1,0,1,1.6,256,3,0,2,0
142,10,1,15.6,8.0,4,2.4,869.0,1,1920.0,1080.0,0,1,0,1,2.8,256,3,0,2,3
143,16,3,15.6,4.0,5,2.1,602.0,3,1366.0,768.0,0,0,0,1,2.3,500,1,0,2,2
144,7,3,15.6,4.0,5,1.86,369.0,3,1366.0,768.0,0,0,0,0,2.5,256,3,0,2,0
145,2,4,14.0,8.0,5,1.25,1099.0,1,1920.0,1080.0,0,0,0,1,1.8,256,3,0,2,2
146,7,4,12.5,8.0,5,0.97,2014.0,0,3840.0,2160.0,1,1,0,1,1.2,512,3,0,2,2
147,2,3,15.6,4.0,5,2.0,344.0,1,1920.0,1080.0,0,0,0,1,1.1,1,4,0,2,2
148,11,1,17.3,16.0,5,2.9,2029.0,1,1920.0,1080.0,0,0,0,1,2.8,256,3,1024,0,3
149,0,3,15.6,4.0,5,2.1,447.0,3,1366.0,768.0,0,0,0,1,2.0,1,4,0,2,2
150,4,1,15.6,16.0,5,2.56,1249.26,1,1920.0,1080.0,0,0,0,1,2.8,512,3,0,2,3
151,4,1,15.6,8.0,5,2.62,899.0,1,1920.0,1080.0,0,0,0,1,2.8,1,5,0,2,3
152,10,3,15.6,4.0,5,1.9,498.0,3,1366.0,768.0,0,0,0,1,2.5,128,3,0,2,2
153,11,1,17.3,16.0,5,2.8,1890.0,1,1920.0,1080.0,0,0,0,1,2.8,256,3,1024,0,3
154,7,4,14.0,4.0,5,1.48,1082.0,1,1920.0,1080.0,0,0,0,1,2.7,256,3,0,2,2
155,7,3,15.6,6.0,5,1.91,619.0,1,1920.0,1080.0,0,0,0,1,1.6,256,3,0,2,0
156,10,0,14.0,4.0,5,1.74,629.0,1,1920.0,1080.0,1,1,0,1,2.4,256,3,0,2,2
157,2,0,13.3,8.0,5,1.1,1315.0,1,1920.0,1080.0,1,0,0,1,1.6,256,3,0,2,2
158,4,0,15.6,8.0,5,1.56,1049.0,1,1920.0,1080.0,1,0,0,1,1.8,256,3,0,2,2
159,16,3,15.6,4.0,5,2.1,447.0,3,1366.0,768.0,0,0,0,1,2.2,500,1,0,2,2
160,2,3,15.6,4.0,5,2.03,403.0,3,1366.0,768.0,0,0,0,0,3.0,1,4,0,2,0
161,0,3,17.3,4.0,5,3.0,805.0,1,1920.0,1080.0,0,1,0,1,1.6,256,3,0,2,3
162,4,3,15.6,8.0,5,2.13,728.0,1,1920.0,1080.0,0,0,0,1,1.6,256,3,0,2,0
163,10,1,15.6,16.0,5,2.5,1079.0,1,1920.0,1080.0,0,1,0,1,2.8,256,3,0,2,3
164,0,3,15.6,4.0,5,2.1,348.0,3,1366.0,768.0,0,0,0,1,1.1,1,4,0,2,2
165,11,1,15.6,16.0,5,2.4,1799.0,1,1920.0,1080.0,0,1,0,1,2.8,256,3,1024,0,3
166,0,3,15.6,4.0,5,2.1,363.51,3,1366.0,768.0,0,0,0,1,1.1,1,4,0,2,2
167,4,1,15.6,8.0,5,2.56,1060.49,1,1920.0,1080.0,0,0,0,1,2.8,128,3,1024,0,3
168,0,3,17.3,8.0,5,3.0,854.0,1,1920.0,1080.0,0,1,0,1,1.6,256,3,0,2,3
169,7,3,13.3,4.0,5,1.49,754.0,1,1920.0,1080.0,0,1,0,1,1.6,500,1,0,2,2
170,8,4,13.0,8.0,5,1.05,1349.0,1,2160.0,1440.0,0,1,0,1,2.5,256,3,0,2,2
171,7,3,17.3,6.0,5,2.71,699.0,1,1920.0,1080.0,0,1,0,1,2.5,2,4,0,2,0
172,10,3,15.6,4.0,4,2.2,309.0,3,1366.0,768.0,0,0,0,0,2.9,500,1,0,2,0
173,16,3,15.6,4.0,5,2.0,489.0,3,1366.0,768.0,0,0,0,1,2.4,500,1,0,2,2
174,7,3,17.3,8.0,5,2.5,923.0,1,1920.0,1080.0,0,0,0,1,1.6,256,3,0,2,3
175,4,3,15.6,8.0,5,2.3,459.0,3,1366.0,768.0,0,0,0,1,2.4,1,4,0,2,2
176,0,3,15.6,4.0,5,2.1,449.0,3,1366.0,768.0,0,0,0,1,2.0,128,3,0,2,2
177,11,1,17.3,16.0,5,3.78,2711.2200000000007,1,1920.0,1080.0,0,0,0,1,2.9,512,3,1024,0,3
178,10,3,15.6,8.0,5,1.9,813.0,1,1920.0,1080.0,0,0,0,1,2.5,128,3,1024,0,0
179,7,0,13.3,8.0,5,1.29,1499.0,0,3840.0,2160.0,1,1,0,1,1.6,256,3,0,2,2
180,4,3,15.6,16.0,2,2.02,1049.0,1,1920.0,1080.0,0,0,0,1,1.8,256,3,2048,0,0
181,4,4,13.3,8.0,5,1.23,1399.0,1,1920.0,1080.0,0,0,0,1,1.6,256,3,0,2,2
182,10,0,13.9,16.0,5,1.4,1849.0,0,3840.0,2160.0,1,1,0,1,1.8,512,3,0,2,2
183,16,3,15.6,8.0,5,2.0,793.0,3,1366.0,768.0,0,0,0,1,2.5,128,3,0,2,2
184,18,3,15.6,8.0,4,1.95,1199.0,1,1920.0,1080.0,0,1,0,1,1.6,256,3,0,2,3
185,4,3,17.3,16.0,5,2.77,1549.0,1,1920.0,1080.0,1,0,0,1,1.8,512,3,0,2,3
186,4,3,15.6,16.0,5,2.06,2397.0,0,3840.0,2160.0,1,0,0,1,2.8,512,3,0,2,3
187,10,1,15.6,8.0,4,2.4,779.0,1,1920.0,1080.0,0,1,0,1,2.5,256,3,0,2,3
188,0,4,13.3,8.0,5,1.12,989.0,1,1920.0,1080.0,0,1,0,1,1.2,256,3,0,2,2
189,4,3,17.3,8.0,5,2.8,1085.0,1,1920.0,1080.0,0,0,0,1,1.8,128,3,1024,0,0
190,10,0,14.0,16.0,5,1.42,2711.2200000000007,3,2560.0,1440.0,1,0,0,1,2.7,1,6,0,2,2
191,17,3,14.0,4.0,5,1.3,260.0,1,1920.0,1080.0,0,1,0,1,1.1,32,0,0,2,2
192,18,4,13.3,8.0,4,1.3,999.9,1,1920.0,1080.0,0,1,0,1,2.5,256,3,0,2,3
193,10,3,17.3,8.0,4,2.8,698.0,3,1600.0,900.0,0,0,0,1,1.6,256,3,0,2,3
194,4,0,13.3,8.0,5,1.62,839.0,1,1920.0,1080.0,1,1,0,1,1.8,1,4,0,2,2
195,7,3,17.3,8.0,5,2.5,914.0,1,1920.0,1080.0,0,1,0,1,1.6,1,4,0,2,3
196,14,1,17.3,16.0,5,3.49,2711.2200000000007,0,3840.0,2160.0,1,0,0,1,2.9,1,6,0,2,3
197,7,3,13.3,8.0,5,1.49,959.0,1,1920.0,1080.0,0,0,0,1,1.6,512,3,0,2,2
198,7,1,17.3,16.0,5,3.35,1379.0,1,1920.0,1080.0,0,1,0,1,2.8,256,3,1024,0,3
199,7,3,17.3,8.0,5,2.5,1045.0,1,1920.0,1080.0,0,0,0,1,1.8,256,3,0,2,3
200,4,1,15.6,16.0,5,2.65,1845.0,0,3840.0,2160.0,0,1,0,1,2.8,512,3,1024,0,3
201,10,3,15.6,4.0,5,2.1,493.0,3,1366.0,768.0,0,0,0,1,2.3,128,3,0,2,2
202,0,3,15.6,8.0,5,2.23,742.0,1,1920.0,1080.0,0,0,0,1,2.7,1,4,0,2,3
203,10,1,15.6,16.0,5,3.2,1749.0,1,1920.0,1080.0,0,1,0,1,2.8,512,3,1024,0,3
204,4,5,15.6,16.0,5,2.8,2711.2200000000007,0,3840.0,2160.0,0,0,0,1,3.0,256,3,1024,0,3
205,10,1,15.6,16.0,4,2.4,1398.0,1,1920.0,1080.0,0,0,0,1,2.8,512,3,0,2,3
206,4,3,15.6,6.0,5,2.3,439.0,3,1366.0,768.0,1,0,0,1,2.4,1,4,0,2,2
207,4,4,13.3,8.0,5,1.21,1949.0,0,3840.0,2160.0,1,1,0,1,1.8,256,3,0,2,2
208,4,4,13.3,8.0,5,1.2,1449.0,1,1920.0,1080.0,0,0,0,1,1.8,256,3,0,2,2
209,10,3,15.6,8.0,5,2.2,597.0,3,1366.0,768.0,0,0,0,1,2.5,256,3,0,2,2
210,0,3,15.6,8.0,2,2.4,779.0,1,1920.0,1080.0,0,0,0,1,2.8,1,4,0,2,3
211,2,1,17.3,16.0,5,2.9,1407.0,1,1920.0,1080.0,0,0,0,1,2.8,256,3,1024,0,3
212,7,3,15.6,4.0,4,2.1,349.0,1,1920.0,1080.0,0,0,0,1,2.0,500,1,0,2,2
213,10,3,15.6,8.0,4,2.2,549.0,1,1920.0,1080.0,0,0,0,1,2.5,256,3,0,2,2
214,8,4,13.0,8.0,5,1.05,1499.0,1,2160.0,1440.0,0,1,0,1,2.7,512,3,0,2,2
215,4,4,13.3,8.0,5,1.4,931.88,1,1920.0,1080.0,0,1,0,1,1.8,256,3,0,2,0
216,10,3,17.3,8.0,4,2.8,589.0,3,1600.0,900.0,0,0,0,1,2.5,1,4,0,2,3
217,7,3,14.0,8.0,5,1.63,1031.0,1,1920.0,1080.0,0,0,0,1,1.8,256,3,0,2,3
218,4,4,14.0,8.0,5,1.6,1149.0,1,1920.0,1080.0,0,0,0,1,1.6,256,3,0,2,2
219,4,0,13.3,16.0,5,1.62,1279.0,1,1920.0,1080.0,1,0,0,1,1.8,512,3,0,2,2
220,4,3,15.6,8.0,2,2.2,677.35,1,1920.0,1080.0,0,0,0,1,1.6,256,3,0,2,0
221,10,0,14.0,8.0,5,1.74,899.0,1,1920.0,1080.0,0,1,0,1,1.6,256,3,0,2,2
222,16,4,13.3,8.0,5,1.2,1363.0,1,1920.0,1080.0,0,0,0,1,2.5,256,3,0,2,2
223,7,3,15.6,8.0,5,2.1,794.0,1,1920.0,1080.0,0,0,0,1,1.6,1,4,0,2,2
224,4,1,17.3,16.0,5,3.78,2456.34,1,1920.0,1080.0,0,1,0,1,2.8,256,3,1024,0,3
225,0,3,15.6,8.0,5,2.2,832.0,1,1920.0,1080.0,0,0,0,1,2.7,256,3,0,2,3
226,4,3,15.6,16.0,5,2.3,859.01,1,1920.0,1080.0,1,0,0,1,2.7,1,4,0,2,0
227,2,3,15.6,8.0,5,2.0,769.0,1,1920.0,1080.0,0,0,0,1,2.5,256,3,0,2,3
228,2,3,17.3,8.0,5,2.69,891.0,1,1920.0,1080.0,0,0,0,1,2.5,256,3,500,0,3
229,7,3,15.6,8.0,5,1.9,1269.0,1,1920.0,1080.0,0,0,0,1,2.7,1,4,0,2,0
230,2,3,15.6,4.0,5,2.37,398.99,3,1366.0,768.0,0,0,0,1,2.4,1,4,0,2,2
231,7,3,15.6,4.0,5,2.1,330.0,3,1366.0,768.0,0,0,0,0,1.5,500,1,0,2,0
232,10,1,15.6,16.0,5,3.2,1499.0,1,1920.0,1080.0,0,1,0,1,2.8,256,3,1024,0,3
233,4,3,14.0,8.0,5,1.6,859.0,1,1920.0,1080.0,0,0,0,1,2.5,256,3,0,2,2
234,0,0,13.3,8.0,5,1.6,689.0,1,1920.0,1080.0,1,1,0,1,2.3,256,3,0,2,2
235,4,3,15.6,16.0,2,2.36,899.0,1,1920.0,1080.0,0,0,0,1,2.7,256,3,0,2,0
236,0,3,15.6,4.0,2,2.1,390.0,3,1366.0,768.0,0,0,0,1,2.0,1,4,0,2,2
237,2,3,15.6,4.0,5,2.2,575.0,1,1920.0,1080.0,0,0,0,0,2.5,128,3,1024,0,0
238,2,1,17.3,16.0,5,3.78,2711.2200000000007,1,1920.0,1080.0,0,0,0,1,2.9,512,3,1024,0,3
239,0,1,15.6,8.0,5,2.5,846.0,1,1920.0,1080.0,0,1,0,1,2.5,256,3,0,2,3
240,10,3,15.6,8.0,5,2.2,589.0,3,1366.0,768.0,0,0,0,1,2.0,128,3,0,2,2
241,2,3,17.3,8.0,5,2.1,1145.0,1,1920.0,1080.0,0,0,0,1,1.8,128,3,1024,0,3
242,2,3,17.3,8.0,4,2.69,889.0,1,1920.0,1080.0,0,0,0,1,2.7,128,3,1024,0,3
243,4,1,15.6,8.0,5,2.56,879.0,1,1920.0,1080.0,0,0,0,1,2.5,256,3,0,2,3
244,10,0,13.9,8.0,5,1.38,1079.0,1,1920.0,1080.0,1,1,0,1,2.7,256,3,0,2,2
245,4,3,15.6,8.0,5,2.2,985.0,1,1920.0,1080.0,0,0,0,1,1.8,128,3,2048,0,0
246,7,3,15.6,8.0,5,2.04,559.0,3,1366.0,768.0,1,0,0,1,2.5,1,4,0,2,2
247,2,1,17.3,16.0,5,3.6,2711.2200000000007,1,1920.0,1080.0,0,0,0,1,2.9,256,3,0,2,3
248,7,3,13.3,4.0,5,1.49,675.0,1,1920.0,1080.0,0,1,0,1,1.6,500,1,0,2,2
249,1,4,13.3,8.0,8,1.37,2040.0,3,2560.0,1600.0,0,1,1,1,3.1,512,3,0,2,2
250,4,0,15.6,8.0,5,2.08,819.0,1,1920.0,1080.0,1,1,0,1,1.8,1,4,0,2,2
251,2,1,17.3,16.0,5,3.78,1799.0,1,1920.0,1080.0,0,0,0,1,2.8,256,3,1024,0,3
252,2,3,15.6,4.0,5,1.68,469.0,3,1366.0,768.0,0,0,0,0,3.0,1,4,0,2,0
253,10,0,13.9,8.0,5,1.37,1849.0,1,1920.0,1080.0,1,1,0,1,1.8,512,3,0,2,2
254,0,3,17.3,4.0,5,3.0,702.0,1,1920.0,1080.0,0,1,0,1,2.7,256,3,0,2,3
255,4,4,13.3,8.0,5,1.41,949.0,1,1920.0,1080.0,0,0,0,1,1.6,256,3,0,2,2
256,7,3,15.6,8.0,5,1.91,445.9,3,1366.0,768.0,0,0,0,0,2.5,128,3,0,2,0
257,7,3,17.3,16.0,5,2.9,1059.0,1,1920.0,1080.0,0,1,0,1,1.8,1,4,0,2,3
258,11,1,17.3,16.0,5,3.78,2499.0,1,1920.0,1080.0,0,0,0,1,2.8,512,3,1024,0,3
259,10,0,15.6,8.0,5,2.0,1699.0,1,1920.0,1080.0,1,1,0,1,2.8,512,3,0,2,3
260,4,3,17.3,8.0,5,2.8,1142.0,1,1920.0,1080.0,0,0,0,1,1.8,128,3,1024,0,0
261,10,3,15.6,4.0,4,2.2,444.0,1,1920.0,1080.0,0,0,0,1,2.0,256,3,0,2,2
262,7,3,15.6,4.0,5,2.1,722.0,1,1920.0,1080.0,0,1,0,1,1.6,500,1,0,2,2
263,4,3,15.6,4.0,5,2.18,657.0,1,1920.0,1080.0,0,0,0,1,2.5,1,4,0,2,2
264,4,3,15.6,8.0,5,2.24,565.0,1,1920.0,1080.0,0,0,0,1,2.5,1,4,0,2,0
265,4,0,15.6,8.0,5,2.67,799.0,1,1920.0,1080.0,1,0,0,1,1.6,256,3,0,2,2
266,2,0,13.3,8.0,5,1.1,1499.0,1,1920.0,1080.0,1,0,0,1,1.8,512,3,512,3,2
267,10,3,15.6,4.0,4,2.2,467.0,1,1920.0,1080.0,0,0,0,1,2.5,1,4,0,2,2
268,7,3,17.3,8.0,5,2.5,1018.0,1,1920.0,1080.0,0,0,0,1,1.8,1,4,0,2,3
269,10,3,15.6,8.0,5,2.05,880.0,1,1920.0,1080.0,0,0,0,1,1.8,256,3,0,2,2
270,1,4,13.3,8.0,8,1.37,1958.9,3,2560.0,1600.0,0,1,1,1,2.9,512,3,0,2,2
271,2,1,17.3,16.0,5,3.2,1549.0,1,1920.0,1080.0,0,0,0,0,3.0,256,3,1024,0,0
272,4,3,15.6,8.0,2,2.14,735.07,1,1920.0,1080.0,0,0,0,1,1.8,256,3,0,2,0
273,10,0,14.0,16.0,5,1.36,2499.0,3,2560.0,1440.0,1,0,0,1,2.6,512,3,0,2,2
274,16,3,15.6,8.0,5,2.2,812.0,3,1366.0,768.0,0,0,0,1,2.5,500,1,0,2,3
275,4,3,15.6,12.0,5,2.3,713.07,3,1366.0,768.0,0,0,0,1,2.7,1,4,0,2,2
276,4,3,17.3,8.0,2,2.8,1099.0,1,1920.0,1080.0,0,0,0,1,1.8,128,3,1024,0,0
277,0,3,15.6,8.0,5,2.2,745.0,1,1920.0,1080.0,0,1,0,1,1.8,1,4,0,2,3
278,10,3,17.3,4.0,5,2.8,489.0,3,1600.0,900.0,0,0,0,1,2.0,1,4,0,2,2
279,10,3,17.3,8.0,4,2.8,849.0,1,1920.0,1080.0,0,0,0,1,1.8,2,4,0,2,3
280,10,3,17.3,6.0,5,2.8,859.0,3,1600.0,900.0,0,0,0,1,2.7,128,3,1024,0,3
281,4,3,15.6,4.0,2,2.25,428.0,1,1920.0,1080.0,0,0,0,1,2.0,1,4,0,2,0
282,10,1,15.6,8.0,5,2.5,829.0,1,1920.0,1080.0,0,1,0,1,2.5,256,3,0,2,3
283,10,3,15.6,6.0,5,2.2,579.0,1,1920.0,1080.0,0,0,0,1,2.5,256,3,0,2,2
284,0,3,15.6,8.0,5,3.0,951.0,1,1920.0,1080.0,0,1,0,1,1.8,256,3,0,2,3
285,0,3,15.6,12.0,5,2.15,659.0,1,1920.0,1080.0,1,1,0,1,2.7,1,4,0,2,2
286,10,3,15.6,8.0,5,1.95,1097.0,1,1920.0,1080.0,0,1,0,1,2.7,256,3,0,2,2
287,2,4,15.6,8.0,5,1.7,977.0,1,1920.0,1080.0,0,0,0,1,2.5,256,3,0,2,3
288,10,1,15.6,16.0,5,2.5,1179.0,1,1920.0,1080.0,0,1,0,1,2.8,256,3,1024,0,3
289,10,3,15.6,8.0,4,2.2,659.01,1,1920.0,1080.0,0,0,0,1,2.7,1,4,0,2,3
290,0,3,15.6,2.0,1,2.19,229.0,3,1366.0,768.0,0,0,0,1,1.5,16,3,0,2,2
291,2,1,17.3,8.0,5,3.0,1187.0,1,1920.0,1080.0,0,0,0,1,2.8,1,4,0,2,3
292,7,3,17.3,8.0,5,2.54,489.0,3,1600.0,900.0,0,0,0,1,2.0,1,4,0,2,2
293,4,3,15.6,8.0,5,2.0,1829.0,1,1920.0,1080.0,0,0,0,1,2.8,256,3,0,2,3
294,10,3,15.6,8.0,5,2.05,739.0,1,1920.0,1080.0,0,0,0,1,1.6,256,3,0,2,2
295,10,1,15.6,8.0,5,3.2,1299.0,1,1920.0,1080.0,0,1,0,1,2.8,1,4,0,2,3
296,0,3,15.6,8.0,2,2.5,979.0,1,1920.0,1080.0,0,0,0,1,2.8,256,3,0,2,3
297,4,5,17.3,16.0,5,3.42,2711.2200000000007,1,1920.0,1080.0,0,0,0,1,2.9,256,3,0,2,3
298,10,3,15.6,6.0,5,2.4,499.0,1,1920.0,1080.0,0,0,0,0,2.4,1,4,0,2,0
299,2,4,15.6,16.0,5,1.63,1468.0,1,1920.0,1080.0,0,0,0,1,2.7,512,3,0,2,3
300,2,3,14.0,4.0,5,1.3,509.0,3,1366.0,768.0,0,0,0,1,2.4,128,3,0,2,2
301,2,1,17.3,16.0,5,2.9,2122.0,1,1920.0,1080.0,0,0,0,1,2.8,256,3,1024,0,3
302,10,3,17.3,6.0,5,2.8,649.0,3,1600.0,900.0,0,0,0,1,2.5,1,4,0,2,3
303,10,3,15.6,8.0,4,2.2,549.0,3,1366.0,768.0,0,0,0,1,2.5,2,4,0,2,3
304,2,1,15.6,8.0,5,2.5,1265.0,1,1920.0,1080.0,0,0,0,1,2.8,128,3,1024,0,3
305,10,3,15.6,4.0,4,2.2,359.99,3,1366.0,768.0,0,0,0,1,1.1,1,4,0,2,2
306,7,0,13.3,16.0,5,1.28,1975.0,1,1920.0,1080.0,1,0,0,1,2.8,256,3,0,2,2
307,16,3,15.6,8.0,5,2.2,1043.0,1,1920.0,1080.0,0,1,0,1,2.5,256,3,0,2,3
308,10,3,15.6,8.0,5,2.3,819.0,1,1920.0,1080.0,0,0,0,1,2.5,128,3,1024,0,3
309,7,3,15.6,4.0,5,1.86,469.0,1,1920.0,1080.0,0,0,0,1,2.0,1,4,0,2,2
310,10,3,13.3,8.0,5,1.1,999.0,1,1920.0,1080.0,0,1,0,1,2.5,256,3,0,2,2
311,4,4,13.3,16.0,5,1.21,2499.0,0,3840.0,2160.0,1,1,0,1,1.8,1,6,0,2,2
312,11,1,15.6,16.0,5,2.8,2099.0,1,1920.0,1080.0,0,1,0,1,2.8,256,3,1024,0,3
313,0,3,15.6,8.0,5,2.23,469.0,1,1920.0,1080.0,0,0,0,0,2.2,256,3,0,2,0
314,2,0,11.6,2.0,5,1.1,275.0,3,1366.0,768.0,1,0,0,1,1.1,32,0,0,2,2
315,4,3,15.6,8.0,5,2.33,844.0,1,1920.0,1080.0,0,0,0,1,1.6,128,3,1024,0,0
316,7,0,13.3,16.0,5,1.29,2449.0,0,3840.0,2160.0,1,1,0,1,1.8,1,6,0,2,2
317,10,3,13.3,4.0,1,1.45,459.9,3,1366.0,768.0,0,0,0,1,1.6,16,0,0,2,2
318,7,3,14.0,8.0,5,1.95,980.0,1,1920.0,1080.0,0,0,0,1,2.5,256,3,0,2,2
319,0,3,11.6,4.0,5,1.4,485.0,3,1366.0,768.0,0,0,0,1,1.6,128,0,0,2,2
320,7,3,14.0,8.0,5,1.48,1292.0,1,1920.0,1080.0,0,0,0,1,2.7,256,3,0,2,2
321,10,3,17.3,4.0,5,2.79,589.0,3,1600.0,900.0,0,0,0,1,2.5,1,4,0,2,3
322,2,3,14.0,8.0,5,2.0,1094.0,1,1920.0,1080.0,0,0,0,1,2.7,256,3,0,2,2
323,7,3,15.6,8.0,5,2.1,902.0,1,1366.0,768.0,0,1,0,1,1.8,1,4,0,2,2
324,0,3,15.6,8.0,5,2.2,659.0,3,1366.0,768.0,0,0,0,0,2.7,256,3,0,2,0
325,10,3,14.0,4.0,5,1.44,292.0,3,1366.0,768.0,0,0,0,1,1.1,32,0,0,2,2
326,0,3,15.6,6.0,5,2.23,549.0,3,1366.0,768.0,0,0,0,1,2.5,1,4,0,2,2
327,2,4,15.6,8.0,5,1.7,1049.9,1,1920.0,1080.0,0,0,0,1,2.7,256,3,0,2,3
328,7,4,12.5,8.0,5,1.26,1335.0,1,1920.0,1080.0,0,0,0,1,2.7,256,3,0,2,2
329,4,3,15.6,16.0,5,2.06,2639.0,0,3840.0,2160.0,1,0,0,1,2.8,1,6,0,2,3
330,11,1,17.3,8.0,5,2.7,1199.0,1,1920.0,1080.0,0,0,0,1,2.8,256,3,1024,0,3
331,16,3,15.6,8.0,5,2.0,943.0,1,1920.0,1080.0,0,1,0,1,2.5,256,3,0,2,2
332,2,3,14.0,8.0,5,2.0,1334.0,1,1920.0,1080.0,0,0,0,1,2.7,256,3,1024,0,2
333,10,3,15.6,4.0,5,1.85,449.0,1,1920.0,1080.0,0,0,0,1,2.0,1,4,0,2,2
334,2,1,15.6,8.0,5,2.5,999.0,1,1920.0,1080.0,0,0,0,1,2.8,256,3,0,2,3
335,7,3,14.0,8.0,5,1.48,1268.0,1,1920.0,1080.0,0,0,0,1,2.6,256,3,0,2,2
336,4,4,15.6,8.0,5,1.9,1049.0,1,1920.0,1080.0,0,1,0,1,1.6,128,3,1024,0,3
337,7,3,15.6,8.0,5,1.84,1144.0,1,1920.0,1080.0,0,0,0,1,2.5,256,3,0,2,2
338,2,3,15.6,4.0,2,2.0,274.99,3,1366.0,768.0,0,0,0,1,1.1,1,4,0,2,2
339,4,3,15.6,8.0,5,2.0,1142.75,1,1920.0,1080.0,0,0,0,1,1.6,256,3,0,2,3
340,4,3,15.6,4.0,2,2.2,274.9,3,1366.0,768.0,0,0,0,1,1.6,500,1,0,2,2
341,10,3,15.6,12.0,5,2.2,899.0,1,1920.0,1080.0,0,0,0,0,3.6,2,4,0,2,0
342,7,3,15.6,8.0,5,2.1,716.0,1,1920.0,1080.0,0,1,0,1,2.4,1,4,0,2,3
343,10,0,13.9,16.0,5,1.4,2099.0,0,3840.0,2160.0,1,1,0,1,1.8,512,3,0,2,2
344,4,4,13.3,8.0,5,1.2,1579.0,1,1920.0,1080.0,0,0,0,1,1.8,256,3,0,2,2
345,10,1,15.6,16.0,5,2.4,1129.0,1,1920.0,1080.0,0,1,0,1,2.8,256,3,2048,0,3
346,7,3,14.0,2.0,5,1.44,279.0,3,1366.0,768.0,0,0,0,1,1.6,32,0,0,2,2
347,4,4,15.6,16.0,5,1.88,1607.96,1,1920.0,1080.0,0,0,0,1,1.9,512,3,256,3,2
348,2,0,11.6,4.0,5,1.5,375.0,3,1366.0,768.0,1,0,0,1,1.1,32,0,0,2,2
349,4,4,15.6,8.0,5,1.9,663.0,1,1920.0,1080.0,0,0,0,1,1.6,1,4,0,2,0
350,4,3,15.6,16.0,5,2.06,2027.42,0,3840.0,2160.0,1,0,0,1,2.8,512,3,0,2,3
351,7,3,15.6,8.0,5,1.84,1304.0,1,1920.0,1080.0,0,0,0,1,2.7,256,3,0,2,2
352,11,1,17.3,8.0,5,2.7,1409.0,1,1920.0,1080.0,0,0,0,1,2.8,128,3,1024,0,3
353,7,5,15.6,8.0,5,2.6,1738.27,1,1920.0,1080.0,0,0,0,1,2.8,256,3,0,2,3
354,16,3,15.6,16.0,5,2.4,1403.0,1,1920.0,1080.0,0,1,0,1,2.5,512,3,0,2,3
355,4,3,15.6,8.0,5,2.02,970.9,1,1920.0,1080.0,0,0,0,1,1.8,128,3,2048,0,0
356,10,3,15.6,4.0,4,2.2,321.99,3,1366.0,768.0,0,0,0,1,1.1,1,4,0,2,2
357,4,1,15.6,8.0,5,2.65,999.0,1,1920.0,1080.0,0,0,0,1,2.5,1,4,0,2,3
358,4,3,15.6,8.0,5,2.36,557.37,3,1366.0,768.0,1,0,0,1,2.5,2,4,0,2,2
359,4,3,14.0,8.0,5,1.36,1427.0,1,1920.0,1080.0,0,0,0,1,2.6,256,3,0,2,2
360,7,3,15.6,4.0,5,1.86,439.0,3,1366.0,768.0,0,0,0,1,2.0,500,1,0,2,2
361,2,3,14.0,8.0,5,2.0,945.0,1,1920.0,1080.0,0,0,0,1,2.5,256,3,0,2,2
362,10,3,17.3,6.0,5,2.8,719.0,3,1600.0,900.0,0,0,0,1,2.5,128,3,1024,0,3
363,7,3,15.6,8.0,5,1.86,639.0,1,1920.0,1080.0,0,0,0,1,2.5,1,4,0,2,2
364,10,3,15.6,8.0,4,2.2,499.0,3,1366.0,768.0,0,0,0,1,2.0,256,3,0,2,3
365,7,3,15.6,8.0,5,2.04,389.0,3,1366.0,768.0,0,0,0,1,1.6,2,4,0,2,2
366,4,3,17.3,8.0,5,2.8,1085.0,1,1920.0,1080.0,0,0,0,1,1.6,128,3,1024,0,0
367,10,1,15.6,8.0,4,2.4,809.0,1,1920.0,1080.0,0,1,0,1,2.5,128,3,1024,0,3
368,4,3,15.6,8.0,5,2.33,899.0,1,1920.0,1080.0,0,0,0,1,2.7,256,3,0,2,0
369,7,4,14.0,8.0,5,1.36,1750.0,1,1920.0,1080.0,0,1,0,1,2.7,256,3,0,2,2
370,2,0,15.6,12.0,5,2.26,1099.0,1,1920.0,1080.0,1,0,0,1,2.7,512,3,2048,0,3
371,0,3,15.6,4.0,5,2.1,426.0,3,1366.0,768.0,0,0,0,0,3.0,128,3,0,2,0
372,2,1,17.3,16.0,5,3.25,2199.0,1,1920.0,1080.0,0,1,0,0,3.0,256,3,1024,0,0
373,10,3,17.3,4.0,5,2.6,489.0,3,1600.0,900.0,0,0,0,0,2.2,128,3,0,2,0
374,4,0,13.3,8.0,5,1.62,869.01,1,1920.0,1080.0,1,0,0,1,1.8,256,3,0,2,2
375,7,3,15.6,4.0,5,1.91,488.99,1,1920.0,1080.0,0,0,0,0,3.0,256,3,0,2,0
376,10,2,11.6,4.0,5,1.59,553.0,3,1366.0,768.0,0,1,0,1,1.1,128,3,0,2,2
377,4,3,15.6,4.0,5,1.8,309.0,3,1366.0,768.0,0,0,0,1,1.6,500,1,0,2,2
378,2,3,14.0,4.0,5,1.5,286.0,3,1366.0,768.0,0,0,0,1,1.1,32,0,0,2,2
379,0,3,15.6,8.0,2,2.4,846.0,1,1920.0,1080.0,0,0,0,1,2.8,1,4,0,2,3
380,7,1,17.3,8.0,5,3.35,1191.0,1,1920.0,1080.0,0,1,0,1,2.8,128,3,1024,0,3
381,10,3,15.6,4.0,4,1.85,403.5,1,1920.0,1080.0,0,0,0,1,2.0,128,3,0,2,2
382,2,1,15.6,8.0,5,2.3,1655.0,1,1920.0,1080.0,0,1,0,1,2.8,128,3,1024,0,3
383,10,3,14.0,8.0,5,1.5,1099.0,1,1920.0,1080.0,0,1,0,1,2.5,256,3,0,2,3
384,2,4,13.3,16.0,5,1.1,1748.9,1,1920.0,1080.0,1,0,0,1,2.7,512,3,0,2,2
385,10,4,14.0,8.0,5,1.13,2282.0,3,2560.0,1440.0,0,1,0,1,2.7,512,3,0,2,2
386,10,3,13.3,4.0,5,1.5,549.0,1,1920.0,1080.0,0,1,0,1,2.4,128,3,0,2,2
387,4,5,15.6,8.0,5,2.23,1369.0,1,1920.0,1080.0,0,0,0,1,2.6,500,1,0,2,0
388,4,5,15.6,8.0,5,2.0,2135.0,1,1920.0,1080.0,0,1,0,1,2.7,256,3,0,2,3
389,10,0,14.0,16.0,5,1.42,2509.0,3,2560.0,1440.0,1,0,0,1,2.7,512,3,0,2,2
390,2,1,17.3,8.0,5,3.0,1039.0,1,1920.0,1080.0,0,0,0,1,2.8,1,4,0,2,3
391,2,1,17.3,16.0,5,3.0,1591.0,1,1920.0,1080.0,0,0,0,1,2.8,256,3,1024,0,3
392,0,3,15.6,12.0,5,2.2,693.99,3,1366.0,768.0,0,1,0,1,1.6,1,4,0,2,3
393,11,1,17.3,8.0,5,2.7,1349.0,1,1920.0,1080.0,0,0,0,1,2.8,256,3,0,2,3
394,4,3,15.6,8.0,2,2.33,778.87,1,1920.0,1080.0,0,0,0,1,2.7,256,3,0,2,0
395,7,4,15.6,4.0,5,1.91,499.0,1,1920.0,1080.0,0,0,0,0,3.0,256,3,0,2,0
396,10,3,15.6,8.0,5,2.1,1229.56,1,1920.0,1080.0,0,1,0,1,1.8,256,3,0,2,0
397,10,3,14.0,8.0,5,1.9,938.0,1,1920.0,1080.0,0,1,0,1,2.5,256,3,0,2,2
398,4,5,15.6,8.0,5,1.78,2711.2200000000007,0,3840.0,2160.0,1,0,0,1,2.8,256,3,0,2,3
399,10,4,14.0,16.0,5,1.13,2625.0,3,2560.0,1440.0,0,1,0,1,2.7,1,6,0,2,2
400,10,3,15.6,4.0,5,2.2,306.0,3,1366.0,768.0,0,0,0,1,1.1,1,4,0,2,2
401,2,1,17.3,16.0,5,2.9,1529.0,1,1920.0,1080.0,0,0,0,1,2.8,256,3,1024,0,3
402,10,3,15.6,8.0,5,2.1,1144.5,1,1920.0,1080.0,0,1,0,1,1.6,256,3,1024,0,0
403,0,3,15.6,8.0,2,2.5,879.0,1,1920.0,1080.0,0,0,0,1,2.8,256,3,0,2,3
404,11,1,17.3,16.0,5,2.8,2249.0,1,1920.0,1080.0,0,0,0,1,2.8,256,3,1024,0,3
405,2,4,14.0,8.0,5,1.1,1873.0,1,1920.0,1080.0,0,0,0,1,2.7,512,3,0,2,2
406,16,4,13.3,16.0,5,1.2,1747.0,1,1920.0,1080.0,0,0,0,1,2.5,512,3,0,2,2
407,4,4,14.0,8.0,5,1.36,1680.0,1,1920.0,1080.0,0,0,0,1,2.8,512,3,0,2,2
408,10,3,15.6,4.0,5,2.2,409.0,1,1920.0,1080.0,0,0,0,1,2.0,500,1,0,2,2
409,10,3,11.6,2.0,5,1.15,304.45,3,1366.0,768.0,0,0,0,1,1.1,32,0,0,2,2
410,10,5,15.6,8.0,5,2.67,1925.0,1,1920.0,1080.0,0,0,0,1,2.8,512,3,0,2,3
411,10,4,14.0,8.0,5,1.7,1943.0,1,2560.0,1440.0,0,1,0,1,2.8,512,3,0,2,3
412,7,3,15.6,4.0,5,2.1,469.0,1,1920.0,1080.0,0,0,0,1,2.0,1,4,0,2,0
413,0,0,13.3,8.0,5,1.6,789.01,1,1920.0,1080.0,1,1,0,1,2.5,256,3,0,2,2
414,2,0,13.3,8.0,5,1.27,928.0,1,1920.0,1080.0,1,1,0,1,2.5,256,3,0,2,2
415,4,3,15.6,4.0,2,2.3,598.9,1,1920.0,1080.0,0,0,0,1,2.5,256,3,0,2,0
416,4,3,13.3,4.0,5,1.65,689.0,3,1366.0,768.0,0,0,0,1,2.0,128,3,0,2,2
417,7,4,14.0,8.0,5,1.43,1500.0,1,1920.0,1080.0,0,0,0,1,2.5,256,3,0,2,2
418,4,3,15.6,8.0,5,2.14,539.95,3,1366.0,768.0,0,0,0,1,2.5,1,4,0,2,2
419,10,4,14.0,8.0,5,1.75,1215.38,1,1920.0,1080.0,0,1,0,1,1.8,256,3,0,2,0
420,10,0,15.6,16.0,5,2.0,1899.0,0,3840.0,2160.0,1,1,0,1,2.8,512,3,0,2,3
421,3,3,12.3,6.0,5,1.4,449.0,3,2736.0,1824.0,0,1,1,1,1.1,64,0,0,2,2
422,7,3,15.6,8.0,5,2.31,1427.0,1,1920.0,1080.0,0,0,0,1,2.9,256,3,0,2,2
423,2,3,15.6,8.0,2,2.3,597.0,1,1920.0,1080.0,0,0,0,1,2.4,1,4,0,2,3
424,4,1,17.3,16.0,5,3.78,2711.2200000000007,3,2560.0,1440.0,0,1,0,1,2.9,256,3,1024,0,3
425,4,1,15.6,8.0,5,2.62,1159.0,1,1920.0,1080.0,0,1,0,1,2.8,128,3,1024,0,3
426,4,3,15.6,8.0,5,2.02,1142.4,1,1920.0,1080.0,0,0,0,1,1.8,256,3,2048,0,0
427,4,4,14.0,8.0,2,1.6,1099.0,1,1920.0,1080.0,0,0,0,1,2.8,256,3,0,2,2
428,7,1,17.3,12.0,5,3.35,1999.0,1,1920.0,1080.0,0,0,0,1,2.8,256,3,1024,0,3
429,12,0,11.6,4.0,5,1.16,299.0,1,1920.0,1080.0,1,1,0,1,1.1,32,3,0,2,2
430,15,2,11.6,4.0,1,1.15,269.0,3,1366.0,768.0,0,0,0,1,1.6,16,0,0,2,2
431,10,3,13.3,8.0,5,1.4,1010.0,1,1920.0,1080.0,0,1,0,1,2.7,256,3,0,2,2
432,10,3,14.0,4.0,5,1.7,599.0,1,1920.0,1080.0,0,1,0,1,2.7,128,3,0,2,2
433,10,5,15.6,16.0,5,2.3,2445.0,0,3840.0,2160.0,0,1,0,1,2.8,512,3,0,2,3
434,10,3,15.6,16.0,5,2.5,2449.0,1,1920.0,1080.0,0,0,0,1,2.9,512,3,0,2,3
435,2,1,17.3,8.0,5,3.2,1695.0,1,1920.0,1080.0,0,0,0,0,3.2,256,3,1024,0,0
436,7,3,15.6,4.0,5,2.1,347.0,3,1366.0,768.0,0,0,0,1,1.6,500,1,0,2,2
437,6,4,12.3,16.0,1,1.1,2199.0,3,2400.0,1600.0,1,0,0,1,1.3,512,3,0,2,2
438,10,4,14.0,16.0,5,1.32,2382.0,3,2560.0,1440.0,0,0,0,1,2.7,512,3,0,2,2
439,2,3,15.6,4.0,2,2.0,559.0,1,1920.0,1080.0,0,0,0,1,2.5,256,3,0,2,2
440,10,3,17.3,8.0,5,2.8,519.0,3,1600.0,900.0,0,0,0,0,2.5,1,4,0,2,0
441,4,3,15.6,4.0,5,2.2,749.0,1,1920.0,1080.0,0,0,0,1,1.6,256,3,0,2,0
442,10,4,12.5,8.0,5,1.36,1429.0,1,1920.0,1080.0,0,1,0,1,2.5,256,3,0,2,2
443,10,3,15.6,4.0,5,2.2,349.0,1,1920.0,1080.0,0,0,0,1,1.1,128,3,0,2,2
444,7,1,15.6,8.0,5,2.2,1099.0,1,1920.0,1080.0,0,1,0,1,2.8,128,3,1024,0,3
445,4,3,14.0,8.0,5,1.64,1179.0,1,1920.0,1080.0,0,0,0,1,2.8,256,3,0,2,3
446,0,3,15.6,4.0,2,2.4,441.8,3,1366.0,768.0,0,0,0,1,2.5,500,1,0,2,2
447,4,5,15.6,8.0,5,2.23,1993.0,1,1920.0,1080.0,0,0,0,1,3.0,64,0,1024,0,3
448,11,1,15.6,8.0,5,2.2,1027.74,1,1920.0,1080.0,0,0,0,1,2.5,256,3,0,2,3
449,13,4,13.5,16.0,6,1.25,2589.0,3,2256.0,1504.0,1,0,0,1,2.5,512,3,0,2,2
450,7,3,15.6,8.0,5,1.91,589.0,3,1366.0,768.0,0,0,0,1,2.5,128,3,0,2,2
451,4,5,15.6,16.0,5,2.17,1975.0,1,1920.0,1080.0,0,1,0,1,2.7,256,3,0,2,3
452,7,5,15.6,8.0,5,2.31,1534.0,1,1920.0,1080.0,0,1,0,1,2.9,512,3,0,2,2
453,10,3,14.0,8.0,5,1.65,1345.0,1,1920.0,1080.0,0,0,0,1,2.5,256,3,0,2,2
454,4,3,15.6,8.0,5,2.36,979.0,1,1920.0,1080.0,0,0,0,1,1.8,128,3,1024,0,0
455,4,0,11.6,4.0,5,1.47,479.0,3,1366.0,768.0,1,0,0,1,1.6,500,1,0,2,2
456,4,3,17.3,8.0,5,3.78,2046.0,1,1920.0,1080.0,0,1,0,1,2.7,1,4,0,2,3
457,13,4,13.5,4.0,6,1.252,989.0,3,2256.0,1504.0,1,0,0,1,2.2,128,3,0,2,2
458,13,4,13.5,8.0,6,1.25,1799.0,3,2256.0,1504.0,1,0,0,1,2.5,256,3,0,2,2
459,7,3,17.3,8.0,5,2.5,639.9,3,1600.0,900.0,0,0,0,1,2.0,256,3,0,2,2
460,0,3,15.6,4.0,5,2.23,544.0,1,1920.0,1080.0,0,0,0,1,2.0,1,4,0,2,3
461,0,2,11.6,4.0,5,1.4,435.0,3,1366.0,768.0,0,0,0,1,1.6,128,3,0,2,2
462,2,3,15.6,8.0,5,2.37,749.0,1,1920.0,1080.0,0,0,0,1,2.5,1,4,0,2,2
463,10,3,14.0,8.0,4,1.5,799.0,1,1920.0,1080.0,0,1,0,1,2.7,512,3,0,2,0
464,10,3,15.6,8.0,5,2.67,2090.0,1,1920.0,1080.0,0,0,0,1,2.9,256,3,0,2,3
465,2,3,15.6,4.0,5,2.0,304.0,3,1366.0,768.0,0,0,0,1,1.1,500,1,0,2,2
466,0,3,15.6,4.0,5,2.2,469.0,3,1366.0,768.0,0,0,0,1,2.0,500,1,0,2,3
467,4,3,15.6,8.0,5,2.02,759.0,1,1920.0,1080.0,0,0,0,1,1.6,2,4,0,2,0
468,7,1,17.3,12.0,5,3.78,1699.0,1,1920.0,1080.0,0,1,0,1,2.8,1,4,0,2,3
469,10,4,14.0,12.0,5,1.4,1858.0,2,2560.0,1440.0,0,1,0,1,2.6,256,3,0,2,2
470,7,0,13.3,8.0,5,1.29,1999.0,0,3840.0,2160.0,1,1,0,1,1.8,512,3,0,2,2
471,7,3,15.6,8.0,5,1.9,1154.0,1,1920.0,1080.0,0,0,0,1,2.5,500,1,0,2,0
472,6,4,12.3,8.0,1,1.1,1275.0,3,2400.0,1600.0,1,0,0,1,1.2,128,3,0,2,2
473,4,4,13.3,8.0,5,1.42,1841.85,1,1920.0,1080.0,1,0,0,1,1.6,256,3,0,2,2
474,2,3,15.6,12.0,5,2.06,1299.0,0,3840.0,2160.0,0,1,0,1,2.6,128,3,1024,0,2
475,4,3,14.0,8.0,5,1.79,740.0,3,1366.0,768.0,0,0,0,1,2.3,128,3,0,2,2
476,4,5,15.6,8.0,5,1.78,2408.0,1,1920.0,1080.0,0,0,0,1,2.8,256,3,0,2,3
477,10,3,14.0,8.0,5,1.7,1364.0,1,1920.0,1080.0,0,0,0,1,2.5,180,3,0,2,2
478,4,3,15.6,8.0,5,2.2,675.0,1,1920.0,1080.0,0,0,0,1,1.6,1,4,0,2,0
479,16,3,13.3,8.0,5,1.05,1672.0,1,1920.0,1080.0,0,1,0,1,2.5,256,3,0,2,2
480,4,3,15.6,8.0,5,2.16,1262.0,1,1920.0,1080.0,0,1,0,1,1.8,512,3,0,2,3
481,4,3,15.6,4.0,5,2.18,586.6,3,1366.0,768.0,0,0,0,1,2.4,1,4,0,2,2
482,7,3,13.3,4.0,5,1.49,726.0,1,1920.0,1080.0,0,1,0,1,1.6,128,3,0,2,2
483,3,3,15.6,4.0,5,1.89,248.9,1,1920.0,1080.0,0,0,0,1,1.44,64,0,0,2,2
484,10,3,15.6,4.0,5,2.3,565.0,3,1366.0,768.0,0,0,0,1,2.0,128,3,0,2,2
485,10,3,14.0,8.0,5,1.75,1049.0,1,1920.0,1080.0,0,1,0,1,1.6,256,3,0,2,2
486,4,5,15.6,16.0,5,2.17,2338.0,1,1920.0,1080.0,0,1,0,1,2.7,512,3,0,2,3
487,4,3,15.6,16.0,5,2.06,1899.0,1,1920.0,1080.0,0,0,0,1,2.8,512,3,0,2,3
488,10,4,12.5,16.0,5,1.36,1798.0,1,1920.0,1080.0,0,1,0,1,2.7,512,3,0,2,2
489,2,4,12.5,16.0,5,0.97,1950.0,1,1920.0,1080.0,0,0,0,1,2.7,512,3,0,2,2
490,10,3,15.6,8.0,5,2.3,1011.99,1,1920.0,1080.0,0,1,0,1,2.5,256,3,0,2,3
491,16,4,13.3,16.0,5,1.05,2711.2200000000007,1,1920.0,1080.0,1,0,0,1,2.7,512,3,0,2,2
492,2,1,15.6,8.0,5,1.99,1350.0,1,1920.0,1080.0,0,0,0,1,2.8,128,3,1024,0,3
493,0,3,15.6,8.0,5,2.2,579.0,3,1366.0,768.0,0,0,0,0,2.5,1,4,0,2,0
494,2,1,17.3,16.0,5,3.78,1269.0,1,1920.0,1080.0,1,1,0,1,2.6,256,3,1024,0,3
495,10,4,12.5,8.0,5,1.3,1099.0,3,1366.0,768.0,0,1,0,1,2.3,180,3,0,2,2
496,10,3,15.6,8.0,5,2.17,898.9,1,1920.0,1080.0,0,0,0,1,1.8,256,3,0,2,2
497,7,3,14.0,8.0,5,1.48,1749.0,1,1920.0,1080.0,0,0,0,1,2.8,1,6,0,2,2
498,10,3,13.3,8.0,5,1.4,949.0,1,1920.0,1080.0,0,1,0,1,2.4,256,3,0,2,2
499,10,3,15.6,8.0,5,2.3,911.0,1,1920.0,1080.0,0,1,0,1,2.5,256,3,0,2,2
500,2,2,11.6,4.0,6,1.2,340.0,3,1366.0,768.0,0,0,0,1,1.1,64,0,0,2,2
501,7,3,15.6,8.0,5,1.91,618.99,3,1366.0,768.0,0,0,0,1,2.5,256,3,0,2,0
502,10,0,13.9,8.0,5,1.4,1599.0,1,1920.0,1080.0,1,1,0,1,1.6,256,3,0,2,2
503,10,3,14.0,4.0,5,2.1,299.0,3,1366.0,768.0,0,0,0,1,1.1,500,1,0,2,2
504,10,2,11.6,4.0,1,1.25,265.0,3,1366.0,768.0,0,0,0,1,1.6,16,3,0,2,2
505,10,3,13.3,8.0,5,1.44,949.0,1,1920.0,1080.0,0,0,0,1,2.5,256,3,0,2,2
506,2,3,15.6,8.0,5,2.0,1224.0,1,1920.0,1080.0,0,0,0,1,2.7,256,3,1024,0,2
507,0,3,15.6,4.0,5,2.2,613.0,1,1920.0,1080.0,0,1,0,1,1.6,1,4,0,2,3
508,7,4,13.3,8.0,5,1.34,1323.0,1,1920.0,1080.0,0,1,0,1,2.7,512,3,0,2,2
509,10,1,15.6,8.0,4,2.4,1149.0,1,1920.0,1080.0,0,1,0,1,2.8,256,3,1024,0,3
510,4,4,13.3,8.0,5,1.29,899.0,1,1920.0,1080.0,1,1,0,1,2.5,128,3,0,2,2
511,0,3,15.6,4.0,5,2.2,639.0,1,1920.0,1080.0,0,0,0,1,2.7,500,1,0,2,3
512,4,3,15.6,8.0,5,2.18,836.0,1,1920.0,1080.0,0,0,0,1,2.5,1,4,0,2,2
513,4,3,15.6,16.0,5,2.2,1219.24,1,1920.0,1080.0,0,0,0,1,1.8,256,3,2048,0,0
514,18,3,15.6,16.0,4,1.95,1399.95,1,1920.0,1080.0,0,1,0,1,1.8,256,3,0,2,3
515,2,2,11.6,2.0,5,1.1,245.0,3,1366.0,768.0,0,0,0,1,1.1,32,0,0,2,2
516,7,3,15.6,4.0,5,2.04,521.47,3,1366.0,768.0,1,0,0,1,1.6,1,4,0,2,2
517,2,1,15.6,16.0,5,2.24,2711.2200000000007,1,1920.0,1080.0,0,0,0,1,2.8,512,3,0,2,3
518,7,3,15.6,8.0,5,2.04,889.0,1,1920.0,1080.0,0,0,0,1,2.5,256,3,0,2,3
519,2,1,17.3,16.0,5,3.0,1504.0,1,1920.0,1080.0,0,0,0,1,2.8,256,3,1024,0,3
520,10,1,15.6,8.0,5,3.2,1399.0,1,1920.0,1080.0,0,1,0,1,2.8,256,3,1024,0,3
521,7,4,13.3,8.0,5,1.32,1399.0,1,1920.0,1080.0,0,1,0,1,2.7,256,3,0,2,2
522,4,3,14.0,8.0,5,1.64,1279.73,1,1920.0,1080.0,0,0,0,1,2.6,256,3,0,2,2
523,7,3,15.6,4.0,5,1.63,689.0,3,1366.0,768.0,0,0,0,1,2.0,128,3,0,2,2
524,4,3,17.3,8.0,2,2.8,889.0,1,1920.0,1080.0,0,1,0,1,1.6,128,3,1024,0,0
525,10,3,14.0,8.0,7,2.02,1340.0,1,1920.0,1080.0,0,0,0,1,2.3,256,3,0,2,2
526,10,3,15.6,4.0,5,2.2,799.0,1,1920.0,1080.0,0,0,0,1,2.7,1,4,0,2,3
527,10,3,15.6,8.0,4,2.2,459.0,3,1366.0,768.0,0,0,0,1,2.0,2,4,0,2,3
528,4,3,15.6,4.0,5,2.3,585.0,1,1920.0,1080.0,0,0,0,1,2.5,500,1,0,2,0
529,4,3,15.6,8.0,5,1.9,1377.0,1,1920.0,1080.0,0,0,0,1,2.8,256,3,0,2,2
530,4,1,17.3,16.0,5,3.78,2711.2200000000007,1,1920.0,1080.0,0,1,0,1,2.8,128,3,1024,0,3
531,16,3,15.6,8.0,5,2.0,860.0,1,1920.0,1080.0,0,1,0,1,2.5,500,1,0,2,2
532,2,3,15.6,8.0,5,2.0,1299.0,0,3840.0,2160.0,0,1,0,1,2.7,256,3,1024,0,3
533,12,3,13.3,4.0,5,1.2,369.0,1,1920.0,1080.0,0,1,0,1,1.1,32,3,0,2,2
534,2,1,15.6,8.0,5,2.3,1649.0,1,1920.0,1080.0,0,1,0,1,2.5,128,3,1024,0,3
535,4,3,15.6,8.0,5,1.93,1369.0,1,1920.0,1080.0,0,0,0,1,2.8,256,3,0,2,3
536,4,3,15.6,8.0,5,2.2,797.41,1,1920.0,1080.0,0,0,0,1,1.6,256,3,0,2,0
537,7,3,15.6,4.0,5,1.86,398.99,1,1920.0,1080.0,0,0,0,1,1.6,256,3,0,2,2
538,7,1,17.3,12.0,5,2.62,1799.0,1,1920.0,1080.0,0,0,0,1,2.8,1,4,0,2,3
539,10,3,14.0,8.0,5,1.87,859.0,1,1920.0,1080.0,0,1,0,1,2.7,256,3,0,2,3
540,4,4,13.3,8.0,5,1.2,1399.0,2,3200.0,1800.0,1,0,0,1,1.8,256,3,0,2,2
541,4,3,14.0,4.0,5,1.6,735.87,1,1920.0,1080.0,0,0,0,1,2.0,128,3,0,2,2
542,7,4,13.3,8.0,5,1.34,1145.0,2,3200.0,1800.0,0,1,0,1,2.7,256,3,0,2,2
543,0,1,15.6,8.0,2,2.4,798.0,1,1920.0,1080.0,0,0,0,1,2.5,1,4,0,2,3
544,2,3,15.6,4.0,5,2.0,349.0,3,1366.0,768.0,0,0,0,0,1.8,500,1,0,2,0
545,7,3,15.6,4.0,5,2.1,705.5,1,1920.0,1080.0,0,0,0,1,2.4,128,3,0,2,2
546,10,3,14.0,4.0,5,1.87,785.0,1,1920.0,1080.0,0,0,0,1,2.5,500,1,0,2,2
547,10,3,15.6,4.0,4,2.15,462.35,1,1920.0,1080.0,0,0,0,1,2.3,1,4,0,2,2
548,7,3,15.6,4.0,5,1.86,397.0,1,1920.0,1080.0,0,0,0,1,2.0,500,1,0,2,2
549,10,3,15.6,8.0,5,1.99,1729.0,1,1920.0,1080.0,0,1,0,1,2.7,512,3,0,2,2
550,10,3,15.6,4.0,5,2.2,499.0,1,1920.0,1080.0,0,0,0,1,2.0,128,3,0,2,2
551,4,3,15.6,8.0,5,1.9,1116.99,1,1920.0,1080.0,0,0,0,1,2.5,256,3,0,2,2
552,4,1,17.3,16.0,5,3.78,2699.0,1,1920.0,1080.0,0,1,0,1,2.8,256,3,1024,0,3
553,7,3,17.3,8.0,5,2.65,544.15,3,1600.0,900.0,0,0,0,1,2.0,1,4,0,2,2
554,7,3,17.3,8.0,5,2.63,1280.0,1,1920.0,1080.0,0,0,0,1,2.7,1,4,0,2,3
555,2,3,15.6,4.0,2,2.0,229.0,3,1366.0,768.0,0,0,0,1,1.1,500,1,0,2,2
556,12,3,13.3,4.0,5,1.35,255.0,1,1920.0,1080.0,0,1,0,1,1.44,32,0,0,2,2
557,10,3,17.3,6.0,5,2.8,949.0,3,1600.0,900.0,0,0,0,1,2.7,128,3,1024,0,3
558,7,3,15.6,6.0,5,1.91,568.9,1,1920.0,1080.0,0,1,0,0,2.5,128,3,0,2,0
559,4,3,15.6,4.0,5,2.18,617.9,3,1366.0,768.0,0,0,0,1,2.0,1,4,0,2,0
560,0,0,11.6,4.0,5,1.25,349.0,1,1920.0,1080.0,1,1,0,1,2.0,32,0,0,2,2
561,10,3,15.6,4.0,5,2.05,630.0,1,1920.0,1080.0,0,0,0,1,2.7,128,3,0,2,2
562,7,4,13.3,16.0,5,1.16,1965.0,2,3200.0,1800.0,1,1,0,1,1.2,512,3,0,2,2
563,10,3,17.3,8.0,5,3.4,2711.2200000000007,1,1920.0,1080.0,0,1,0,1,2.8,256,3,0,2,3
564,2,3,15.6,8.0,5,2.5,839.0,1,1920.0,1080.0,0,0,0,1,2.5,128,3,1024,0,3
565,4,4,13.3,8.0,5,1.21,1599.0,0,3840.0,2160.0,1,1,0,1,1.6,128,3,0,2,2
566,4,3,15.6,4.0,5,1.93,959.0,3,1366.0,768.0,0,0,0,1,2.6,500,1,0,2,2
567,5,3,15.6,8.0,5,2.2,739.0,3,1366.0,768.0,0,0,0,1,2.5,1,4,0,2,2
568,10,3,15.6,4.0,5,2.2,344.0,1,1920.0,1080.0,0,0,0,1,1.1,500,1,0,2,2
569,10,3,14.0,4.0,5,2.02,990.0,3,1366.0,768.0,0,0,0,1,2.5,500,1,0,2,2
570,7,5,17.3,8.0,5,3.14,1860.99,3,1600.0,900.0,0,0,0,1,2.8,500,1,0,2,3
571,7,3,14.0,8.0,5,1.94,389.0,3,1366.0,768.0,0,0,0,1,1.6,2,4,0,2,2
572,7,3,15.6,6.0,5,1.95,649.0,1,1920.0,1080.0,0,1,0,0,3.0,256,3,0,2,0
573,10,3,15.6,8.0,5,2.3,830.0,1,1920.0,1080.0,0,0,0,1,2.5,256,3,0,2,2
574,10,3,15.6,4.0,5,2.05,685.0,1,1920.0,1080.0,0,0,0,1,1.6,500,1,0,2,2
575,12,3,14.0,4.0,5,1.4,249.0,1,1920.0,1080.0,0,0,0,1,1.44,32,3,0,2,2
576,16,4,14.0,16.0,5,1.24,1865.0,1,1920.0,1080.0,1,0,0,1,2.7,512,3,0,2,2
577,10,1,17.3,16.0,5,3.78,2663.0,1,1920.0,1080.0,0,1,0,1,2.7,256,3,1024,0,3
578,11,1,17.3,16.0,5,3.78,2711.2200000000007,1,1920.0,1080.0,0,0,0,1,2.9,512,3,1024,0,3
579,4,3,15.6,8.0,2,2.2,749.01,1,1920.0,1080.0,0,0,0,1,2.7,256,3,0,2,0
580,12,3,14.0,4.0,5,1.45,389.0,1,1920.0,1080.0,0,1,0,1,1.1,32,3,0,2,2
581,4,3,15.6,8.0,5,1.9,1008.52,3,1366.0,768.0,0,0,0,1,2.6,500,1,0,2,2
582,7,3,13.3,4.0,5,1.49,719.0,1,1920.0,1080.0,0,0,0,1,2.4,128,3,0,2,2
583,4,3,15.6,16.0,5,1.93,1537.39,1,1920.0,1080.0,0,0,0,1,2.8,256,3,0,2,3
584,4,2,11.6,4.0,1,1.26,295.0,3,1366.0,768.0,0,0,0,1,1.6,16,0,0,2,2
585,11,1,17.3,16.0,5,3.78,2349.0,1,1920.0,1080.0,0,0,0,1,2.7,128,3,1024,0,3
586,7,1,17.3,16.0,5,3.78,1498.0,1,1920.0,1080.0,0,1,0,1,2.8,256,3,1024,0,3
587,10,4,14.0,12.0,5,1.4,1673.0,1,1920.0,1080.0,0,1,0,1,2.6,256,3,0,2,2
588,10,3,15.6,12.0,5,2.2,609.0,3,1366.0,768.0,1,0,0,1,1.8,1,4,0,2,2
589,2,1,17.3,8.0,5,2.73,1770.0,1,1920.0,1080.0,0,1,0,1,2.5,128,3,1024,0,3
590,2,0,15.6,8.0,5,2.2,739.0,3,1366.0,768.0,1,0,0,1,2.5,1,4,0,2,2
591,10,3,15.6,12.0,5,2.2,949.0,1,1920.0,1080.0,0,0,0,0,3.6,512,3,0,2,0
592,4,0,11.6,4.0,5,1.39,603.0,3,1366.0,768.0,1,0,0,1,1.0,128,3,0,2,2
593,15,3,15.6,16.0,5,2.5,1699.0,1,1920.0,1080.0,0,0,0,1,2.8,128,3,1024,0,3
594,10,3,17.3,4.0,4,2.8,529.0,1,1920.0,1080.0,0,0,0,1,2.0,500,1,0,2,2
595,10,3,15.6,8.0,5,2.29,459.0,3,1366.0,768.0,0,0,0,1,2.3,1,4,0,2,2
596,10,0,13.3,8.0,5,1.37,2025.0,1,1920.0,1080.0,1,1,0,1,2.7,512,3,0,2,2
597,10,3,14.0,8.0,5,1.7,1474.0,1,1920.0,1080.0,0,1,0,1,2.5,256,3,0,2,2
598,4,0,12.5,8.0,5,1.34,1670.0,1,1920.0,1080.0,1,0,0,1,2.5,256,3,0,2,2
599,4,5,15.6,8.0,5,2.06,1763.0,1,1920.0,1080.0,1,0,0,1,2.8,256,3,0,2,3
600,7,3,15.6,8.0,5,1.84,1219.0,1,1920.0,1080.0,0,0,0,1,2.7,256,3,0,2,2
601,7,3,15.6,4.0,5,2.1,668.48,3,1366.0,768.0,0,0,0,1,2.4,500,1,0,2,2
602,0,3,14.0,4.0,5,1.6,329.0,1,1920.0,1080.0,0,0,0,1,1.1,32,0,0,2,2
603,11,1,17.3,16.0,5,3.78,2199.0,1,1920.0,1080.0,0,0,0,1,2.7,128,3,1024,0,3
604,4,3,15.6,4.0,2,2.18,465.0,3,1366.0,768.0,0,0,0,1,2.0,1,4,0,2,0
605,11,1,15.6,16.0,5,1.8,2299.0,0,3840.0,2160.0,0,0,0,1,2.8,256,3,2048,0,3
606,16,3,15.6,8.0,5,2.2,1399.0,1,1920.0,1080.0,0,1,0,1,2.5,256,3,0,2,2
607,10,3,15.6,6.0,5,2.4,564.0,1,1920.0,1080.0,0,0,0,1,2.5,1,4,0,2,2
608,10,0,15.6,8.0,5,2.0,1299.0,1,1920.0,1080.0,1,1,0,1,2.8,256,3,0,2,2
609,0,3,14.0,4.0,5,1.6,349.0,3,1366.0,768.0,0,0,0,1,1.6,128,0,0,2,2
610,10,3,15.6,16.0,5,2.5,2711.2200000000007,0,3840.0,2160.0,0,1,0,1,3.1,1,6,0,2,3
611,4,1,15.6,16.0,5,2.59,879.01,1,1920.0,1080.0,0,0,0,1,2.6,1,4,0,2,3
612,4,3,15.6,4.0,2,2.18,443.9,3,1366.0,768.0,0,0,0,1,2.0,1,4,0,2,2
613,4,3,15.6,4.0,2,2.25,359.0,3,1366.0,768.0,0,0,0,1,2.0,1,4,0,2,2
614,4,3,15.6,4.0,2,1.93,869.0,3,1366.0,768.0,0,0,0,1,2.6,500,1,0,2,2
615,2,1,17.3,8.0,5,3.0,1168.0,1,1920.0,1080.0,0,0,0,1,2.8,128,3,1024,0,3
616,4,3,15.6,4.0,2,2.18,569.0,1,1920.0,1080.0,0,0,0,1,2.5,128,3,0,2,0
617,7,4,15.6,8.0,5,1.84,1389.0,1,1920.0,1080.0,0,0,0,1,2.7,512,3,0,2,2
618,11,1,15.6,16.0,5,2.94,2267.86,1,1920.0,1080.0,0,0,0,1,2.8,256,3,1024,0,3
619,0,0,11.6,4.0,1,1.25,379.0,3,1366.0,768.0,1,1,0,1,1.6,32,0,0,2,2
620,7,3,14.0,8.0,5,2.31,1124.0,3,1366.0,768.0,0,0,0,1,2.6,256,3,0,2,2
621,10,3,14.0,8.0,7,1.65,1465.0,1,1920.0,1080.0,0,0,0,1,2.3,256,3,0,2,2
622,4,3,15.6,4.0,5,2.2,776.0,1,1920.0,1080.0,0,0,0,1,1.6,1,4,0,2,0
623,5,3,15.6,8.0,5,2.2,799.0,3,1366.0,768.0,0,0,0,1,2.5,256,3,0,2,2
624,7,3,15.6,4.0,7,1.88,932.0,3,1366.0,768.0,0,0,0,1,2.3,500,1,0,2,2
625,10,3,15.6,8.0,5,2.2,899.0,1,1920.0,1080.0,0,0,0,1,2.7,1,4,0,2,3
626,12,3,14.0,2.0,5,1.4,239.0,1,1920.0,1080.0,0,0,0,1,1.44,32,0,0,2,2
627,10,3,15.6,4.0,4,2.2,468.0,1,1920.0,1080.0,0,0,0,1,2.5,128,3,0,2,2
628,2,0,13.3,6.0,5,1.5,639.01,1,1920.0,1080.0,1,0,0,1,2.5,1,4,0,2,2
629,4,3,15.6,8.0,5,2.0,1820.0,1,1920.0,1080.0,0,0,0,1,2.8,256,3,0,2,3
630,2,4,14.0,16.0,5,1.1,1900.0,1,1920.0,1080.0,0,0,0,1,2.7,512,3,0,2,2
631,4,1,15.6,16.0,5,2.62,1479.0,1,1920.0,1080.0,0,0,0,1,2.8,256,3,1024,0,3
632,10,3,15.6,4.0,5,1.8,829.0,1,1920.0,1080.0,0,0,0,1,1.6,256,3,0,2,2
633,10,3,15.6,4.0,5,2.2,579.0,1,1920.0,1080.0,0,0,0,1,2.0,1,4,0,2,3
634,2,3,15.6,8.0,5,2.0,399.0,3,1366.0,768.0,0,0,0,1,1.1,1,4,0,2,2
635,2,3,15.6,8.0,5,1.99,906.62,1,1920.0,1080.0,0,0,0,1,2.5,1,4,0,2,3
636,4,4,13.3,8.0,5,1.23,1869.0,2,3200.0,1800.0,1,0,0,1,1.6,256,3,0,2,2
637,10,3,14.0,2.0,5,1.42,249.0,3,1366.0,768.0,0,0,0,1,1.6,32,0,0,2,2
638,10,0,13.3,8.0,5,1.37,1757.42,1,1920.0,1080.0,1,1,0,1,2.7,256,3,0,2,2
639,4,3,15.6,16.0,5,2.06,2399.0,0,3840.0,2160.0,1,0,0,1,2.8,1,6,0,2,3
640,10,1,15.6,8.0,5,2.5,1109.0,1,1920.0,1080.0,0,1,0,1,2.8,128,3,1024,0,3
641,7,3,17.0,8.0,5,2.6,520.9,3,1600.0,900.0,0,0,0,0,3.0,1,4,0,2,0
642,10,4,14.0,16.0,5,1.14,2450.0,1,1920.0,1080.0,0,1,0,1,2.7,512,3,0,2,2
643,2,1,15.6,8.0,4,2.5,1169.0,1,1920.0,1080.0,0,1,0,1,2.8,1,4,0,2,3
644,0,3,15.6,4.0,5,2.4,450.0,3,1366.0,768.0,0,0,0,1,2.0,500,1,0,2,2
645,10,3,14.0,4.0,5,1.43,274.0,3,1366.0,768.0,0,0,0,1,1.6,32,0,0,2,2
646,0,4,14.0,8.0,5,1.8,919.0,1,1920.0,1080.0,0,1,0,1,2.5,256,3,0,2,2
647,14,1,14.0,16.0,5,1.95,2599.0,1,1920.0,1080.0,0,0,0,1,2.8,256,3,0,2,3
648,16,3,13.3,8.0,5,1.2,1213.0,1,1920.0,1080.0,0,0,0,1,2.3,256,3,0,2,2
649,10,4,12.5,8.0,5,1.36,1584.0,1,1920.0,1080.0,0,1,0,1,2.7,256,3,0,2,2
650,2,1,17.3,16.0,5,3.78,2711.2200000000007,1,1920.0,1080.0,0,1,0,1,2.7,512,3,0,2,3
651,0,1,15.6,8.0,2,2.4,709.0,1,1920.0,1080.0,0,0,0,1,2.5,1,4,0,2,3
652,4,4,13.3,8.0,5,1.2,1449.9,1,1920.0,1080.0,0,0,0,1,1.6,256,3,0,2,2
653,11,1,15.6,8.0,5,2.2,1191.8,1,1920.0,1080.0,0,0,0,1,2.8,128,3,1024,0,3
654,7,3,15.6,4.0,4,1.86,364.9,3,1366.0,768.0,0,0,0,1,2.0,500,1,0,2,2
655,16,3,15.6,8.0,5,2.0,1064.0,1,1920.0,1080.0,0,1,0,1,2.5,500,1,0,2,2
656,4,3,15.6,8.0,5,2.2,919.0,1,1920.0,1080.0,0,0,0,1,1.8,256,3,0,2,0
657,4,3,15.6,16.0,5,2.2,1135.0,1,1920.0,1080.0,0,0,0,1,1.8,256,3,2048,0,0
658,10,1,15.6,8.0,5,3.31,1196.0,1,1920.0,1080.0,0,1,0,1,2.6,128,3,1024,0,3
659,4,1,17.3,16.0,5,3.78,2711.2200000000007,0,3840.0,2160.0,0,1,0,1,2.8,512,3,1024,0,3
660,4,3,14.0,8.0,5,1.56,1229.0,1,1920.0,1080.0,0,0,0,1,2.4,256,3,0,2,2
661,10,3,15.6,4.0,5,2.2,419.0,3,1366.0,768.0,0,0,0,1,1.1,500,1,0,2,2
662,10,3,15.6,4.0,5,2.2,535.0,1,1920.0,1080.0,0,0,0,1,2.3,500,1,0,2,2
663,7,3,15.6,6.0,5,2.04,539.0,3,1920.0,1080.0,0,0,0,1,2.0,1,4,0,2,0
664,11,1,17.3,8.0,5,2.7,1486.77,1,1920.0,1080.0,0,0,0,1,2.8,128,3,1024,0,3
665,16,3,15.6,4.0,5,2.1,498.0,3,1366.0,768.0,0,0,0,1,2.1,128,3,0,2,2
666,4,3,15.6,8.0,5,2.06,955.0,1,1920.0,1080.0,0,0,0,1,2.5,1,4,0,2,2
667,7,3,15.6,8.0,5,2.1,745.0,1,1920.0,1080.0,0,0,0,1,2.7,1,4,0,2,0
668,16,3,15.6,8.0,5,2.0,1258.0,1,1920.0,1080.0,0,1,0,1,2.5,256,3,0,2,2
669,0,3,15.6,4.0,2,2.1,412.0,3,1366.0,768.0,0,0,0,1,2.0,128,3,0,2,2
670,13,4,13.5,8.0,6,1.252,1867.85,3,2256.0,1504.0,1,0,0,1,2.8,256,3,0,2,2
671,10,3,15.6,8.0,5,1.9,817.95,1,1920.0,1080.0,0,0,0,1,2.5,128,3,1024,0,0
672,10,0,13.3,8.0,5,1.3,1034.0,1,1920.0,1080.0,1,1,0,1,2.5,256,3,0,2,2
673,10,3,15.6,4.0,5,2.2,349.0,3,1366.0,768.0,0,0,0,0,2.2,128,3,0,2,0
674,7,0,14.0,4.0,5,1.63,699.0,1,1920.0,1080.0,1,1,0,1,2.4,128,3,0,2,3
675,11,1,15.6,16.0,5,2.4,1294.0,1,1920.0,1080.0,0,0,0,1,2.8,256,3,1024,0,3
676,2,4,14.0,8.0,5,1.1,1135.0,1,1920.0,1080.0,0,0,0,1,2.5,256,3,0,2,2
677,7,0,11.6,8.0,1,1.4,495.0,3,1366.0,768.0,1,0,0,1,1.1,64,0,0,2,2
678,9,4,15.6,8.0,5,1.09,2299.0,1,1920.0,1080.0,0,1,0,1,1.8,512,3,0,2,2
679,0,1,15.6,16.0,5,2.5,1299.0,1,1920.0,1080.0,0,0,0,1,2.5,256,3,0,2,3
680,11,1,15.6,8.0,5,2.2,997.9,1,1920.0,1080.0,0,0,0,1,2.5,256,3,0,2,3
681,2,3,15.6,4.0,5,1.86,419.0,3,1366.0,768.0,0,0,0,1,1.1,128,3,0,2,2
682,4,1,15.6,16.0,5,3.21,2051.0,1,1920.0,1080.0,0,0,0,1,2.5,128,3,1024,0,3
683,7,3,17.3,4.0,5,2.5,699.0,1,1920.0,1080.0,0,1,0,1,2.0,256,3,0,2,0
684,10,0,13.3,8.0,5,1.19,1499.0,1,1920.0,1080.0,1,1,0,1,1.8,512,3,0,2,2
685,4,1,15.6,16.0,5,3.49,2711.2200000000007,1,1920.0,1080.0,0,0,0,1,2.9,256,3,1024,0,3
686,7,3,15.6,4.0,5,1.86,612.61,3,1366.0,768.0,0,0,0,1,2.5,500,1,0,2,0
687,4,3,15.6,4.0,5,2.2,545.67,3,1366.0,768.0,0,0,0,1,2.0,1,4,0,2,0
688,7,3,17.3,6.0,5,2.65,569.0,1,1920.0,1080.0,0,1,0,0,2.4,2,4,0,2,0
689,10,3,15.6,4.0,5,2.1,318.0,3,1366.0,768.0,0,0,0,1,1.6,500,1,0,2,2
690,0,3,14.0,4.0,1,1.45,375.0,3,1366.0,768.0,0,0,0,1,1.6,32,0,0,2,2
691,10,3,14.0,4.0,5,1.7,699.0,1,1920.0,1080.0,0,0,0,1,2.5,256,3,0,2,2
692,7,5,17.3,8.0,5,3.14,1907.99,1,1920.0,1080.0,0,0,0,1,2.8,500,1,0,2,3
693,10,0,14.0,8.0,5,1.42,2590.0,3,2560.0,1440.0,1,0,0,1,2.7,256,3,0,2,2
694,16,3,13.3,8.0,5,1.5,973.0,1,1920.0,1080.0,0,1,0,1,2.5,256,3,0,2,2
695,0,2,11.6,4.0,5,1.4,269.0,3,1366.0,768.0,0,0,0,1,1.6,32,0,0,2,2
696,10,0,14.0,16.0,5,1.38,1749.0,1,1920.0,1080.0,1,0,0,1,2.7,512,3,0,2,2
697,2,0,12.5,4.0,1,1.2,669.0,1,1920.0,1080.0,1,0,0,1,0.9,64,0,0,2,2
698,16,4,13.3,16.0,5,1.36,1877.0,1,1920.0,1080.0,1,0,0,1,2.5,512,3,0,2,2
699,7,3,15.6,4.0,5,2.1,689.0,1,1920.0,1080.0,0,1,0,1,2.7,500,1,0,2,0
700,4,1,15.6,8.0,5,2.56,819.0,1,1920.0,1080.0,0,0,0,1,2.5,1,4,0,2,3
701,10,3,15.6,4.0,5,2.2,399.0,1,1920.0,1080.0,0,0,0,0,2.9,256,3,0,2,0
702,10,3,15.6,8.0,5,2.2,429.0,3,1366.0,768.0,0,0,0,0,3.6,1,4,0,2,0
703,10,3,15.6,4.0,5,2.1,621.45,1,1920.0,1080.0,0,0,0,1,2.5,1,4,1024,0,2
704,10,3,15.6,4.0,4,1.9,450.0,3,1366.0,768.0,0,0,0,1,2.0,500,1,0,2,2
705,4,3,15.6,8.0,5,2.18,795.0,1,1920.0,1080.0,0,0,0,1,2.5,256,3,0,2,2
706,0,0,13.3,8.0,5,1.6,999.0,1,1920.0,1080.0,1,1,0,1,1.6,256,3,0,2,2
707,10,5,15.6,16.0,7,2.18,1855.0,1,1920.0,1080.0,0,0,0,1,2.5,512,3,0,2,3
708,10,3,14.0,8.0,5,1.8,1191.0,1,1920.0,1080.0,0,0,0,1,2.3,256,3,0,2,2
709,7,3,17.3,6.0,5,2.71,655.01,1,1920.0,1080.0,0,1,0,0,2.5,2,4,0,2,0
710,10,1,15.6,8.0,5,2.5,1249.0,1,1920.0,1080.0,0,1,0,1,2.8,128,3,1024,0,3
711,4,3,14.0,8.0,2,1.64,1089.0,1,1920.0,1080.0,0,0,0,1,2.8,256,3,0,2,3
712,4,3,15.6,8.0,2,1.98,726.0,1,1920.0,1080.0,0,0,0,1,2.5,1,4,0,2,2
713,2,3,14.0,4.0,5,1.5,298.0,1,1920.0,1080.0,0,0,0,1,1.1,32,0,0,2,2
714,4,3,15.6,16.0,5,1.93,1426.66,1,1920.0,1080.0,0,0,0,1,2.6,512,3,0,2,2
715,10,3,14.0,8.0,5,1.87,857.07,1,1920.0,1080.0,0,1,0,1,2.5,256,3,0,2,3
716,4,3,15.6,8.0,5,1.9,1179.0,1,1920.0,1080.0,0,0,0,1,2.6,256,3,0,2,2
717,10,3,15.6,4.0,5,2.19,298.0,3,1366.0,768.0,0,0,0,0,2.0,500,1,0,2,0
718,12,3,14.0,4.0,5,1.4,265.0,1,1920.0,1200.0,0,1,0,1,1.92,32,1,0,2,2
719,7,3,17.3,8.0,5,2.63,1200.0,1,1920.0,1080.0,0,0,0,1,2.7,256,3,0,2,3
720,10,4,14.0,8.0,5,1.17,1686.64,2,2560.0,1440.0,0,1,0,1,2.5,512,3,0,2,2
721,7,0,13.3,8.0,5,1.58,836.6,3,1366.0,768.0,1,1,0,1,2.5,256,3,0,2,2
722,10,4,14.0,8.0,5,1.32,1499.0,1,1920.0,1080.0,0,1,0,1,2.5,256,3,0,2,2
723,4,1,17.3,16.0,5,3.78,2711.2200000000007,0,3840.0,2160.0,0,0,0,1,2.8,1,6,1024,0,3
724,11,1,17.3,8.0,5,2.7,1348.48,1,1920.0,1080.0,0,0,0,1,2.8,128,3,1024,0,3
725,10,3,15.6,4.0,4,1.9,489.9,3,1366.0,768.0,0,0,0,1,2.5,1,4,0,2,2
726,4,3,15.6,8.0,5,2.2,719.0,1,1920.0,1080.0,0,0,0,1,1.6,128,3,1024,0,0
727,4,0,13.3,4.0,5,1.71,649.0,1,1920.0,1080.0,1,0,0,1,2.4,1,4,0,2,2
728,4,3,15.6,8.0,2,2.32,589.52,3,1366.0,768.0,0,0,0,1,2.5,1,4,0,2,0
729,7,3,15.6,4.0,5,2.1,489.0,1,1920.0,1080.0,0,0,0,0,3.0,1,4,0,2,0
730,0,1,17.3,16.0,5,3.78,1935.0,1,1920.0,1080.0,0,1,0,1,2.6,128,3,1024,0,3
731,4,3,15.6,12.0,5,2.25,649.0,3,1366.0,768.0,0,0,0,1,2.5,1,4,0,2,2
732,7,3,15.6,6.0,5,2.1,650.0,1,1920.0,1080.0,0,0,0,0,3.0,128,3,1024,0,0
733,0,3,15.6,4.0,5,2.4,559.0,3,1366.0,768.0,0,0,0,1,2.5,500,1,0,2,2
734,10,3,13.3,8.0,5,1.44,960.0,1,1920.0,1080.0,0,1,0,1,2.5,256,3,0,2,2
735,10,3,15.6,4.0,5,1.85,779.0,1,1920.0,1080.0,0,0,0,1,2.7,1,4,0,2,2
736,7,5,15.6,16.0,5,2.6,2419.0,1,1920.0,1080.0,0,0,0,1,2.8,256,3,0,2,3
737,4,0,13.3,8.0,5,1.55,659.0,1,1920.0,1080.0,1,0,0,1,1.6,1,4,0,2,2
738,11,1,15.6,16.0,5,1.8,2094.48,1,1920.0,1080.0,0,0,0,1,2.8,256,3,1024,0,3
739,0,3,15.6,4.0,5,2.4,410.8,3,1366.0,768.0,0,0,0,1,2.0,500,1,0,2,2
740,4,3,15.6,8.0,5,2.0,1207.0,1,1920.0,1080.0,0,0,0,1,2.7,128,3,1024,0,3
741,4,3,15.6,8.0,5,2.0,665.0,3,1366.0,768.0,0,0,0,1,2.0,256,3,0,2,2
742,16,3,14.0,8.0,5,1.25,1535.0,1,1920.0,1080.0,1,1,0,1,2.5,256,3,0,2,2
743,10,0,14.0,8.0,5,1.7,999.0,1,1920.0,1080.0,1,0,0,1,2.5,256,3,0,2,2
744,10,5,15.6,16.0,5,2.5,2711.2200000000007,0,3840.0,2160.0,0,1,0,1,2.8,1,6,0,2,3
745,0,3,14.0,2.0,1,1.68,330.0,3,1366.0,768.0,0,0,0,1,1.6,32,0,0,2,2
746,15,4,13.3,16.0,5,0.97,1649.0,1,1920.0,1080.0,0,0,0,1,2.7,256,3,0,2,2
747,7,3,15.6,8.0,5,1.86,539.0,1,1920.0,1080.0,0,0,0,1,2.0,256,3,0,2,2
748,4,3,14.0,8.0,5,1.6,1126.71,3,1366.0,768.0,0,0,0,1,2.5,256,3,0,2,2
749,7,5,17.3,16.0,7,3.0,2711.2200000000007,1,1920.0,1080.0,0,1,0,1,2.9,256,3,0,2,3
750,10,2,11.6,4.0,5,1.4,475.0,3,1366.0,768.0,1,0,0,1,1.6,128,3,0,2,2
751,7,3,15.6,8.0,5,1.84,1900.0,1,1920.0,1080.0,0,0,0,1,2.4,256,3,0,2,2
752,2,3,15.6,4.0,4,2.45,579.0,3,1366.0,768.0,0,0,0,1,2.3,1,4,0,2,3
753,10,4,14.0,4.0,5,1.7,1096.0,1,1920.0,1080.0,0,0,0,1,2.3,180,3,0,2,2
754,2,3,15.6,4.0,5,2.37,849.9,3,1366.0,768.0,0,0,0,1,2.7,256,3,0,2,2
755,10,0,13.3,8.0,5,1.3,1199.0,2,3200.0,1800.0,1,1,0,1,1.8,256,3,0,2,2
756,7,3,15.6,8.0,5,2.2,1099.0,1,1920.0,1080.0,0,1,0,1,2.5,128,3,1024,0,3
757,7,5,15.6,8.0,7,2.59,1561.0,1,1920.0,1080.0,0,0,0,1,2.6,256,3,0,2,3
758,4,1,15.6,16.0,5,3.78,2711.2200000000007,0,3840.0,2160.0,0,1,0,1,2.8,256,3,1024,0,3
759,0,3,15.6,4.0,5,2.1,599.0,3,1366.0,768.0,0,0,0,1,2.5,256,3,0,2,2
760,10,1,15.6,8.0,5,2.5,1048.0,1,1920.0,1080.0,0,1,0,1,2.8,128,3,1024,0,3
761,4,4,12.5,16.0,5,1.18,1859.0,1,1920.0,1080.0,0,0,0,1,2.8,256,3,0,2,2
762,6,4,12.3,8.0,1,1.1,1559.0,3,2400.0,1600.0,1,0,0,1,1.2,256,3,0,2,2
763,2,4,13.3,8.0,5,1.2,1129.0,2,3200.0,1800.0,0,1,0,1,2.5,256,3,0,2,2
764,4,3,13.3,4.0,5,1.65,849.0,3,1366.0,768.0,0,0,0,1,2.0,500,1,0,2,2
765,0,3,13.3,4.0,5,1.6,655.0,3,1366.0,768.0,0,0,0,1,2.3,128,3,0,2,2
766,2,3,17.3,4.0,5,2.8,470.34,3,1366.0,768.0,0,0,0,1,1.1,1,4,0,2,3
767,4,1,15.6,16.0,5,2.72,1099.0,0,3840.0,2160.0,1,1,0,1,2.6,128,3,1024,0,3
768,15,4,13.3,8.0,5,1.31,1599.0,1,1920.0,1080.0,1,0,0,1,2.7,256,3,0,2,2
769,0,3,15.6,4.0,2,2.1,298.0,3,1366.0,768.0,0,0,0,1,1.1,1,4,0,2,2
770,4,3,15.6,16.0,5,2.3,1181.27,1,1920.0,1080.0,0,0,0,1,2.7,256,3,0,2,0
771,15,0,15.0,16.0,5,1.71,1799.0,1,1920.0,1080.0,1,0,0,1,2.7,256,3,0,2,0
772,16,3,14.0,4.0,5,1.75,1020.0,3,1366.0,768.0,0,1,0,1,2.3,128,3,0,2,2
773,4,1,15.6,8.0,5,2.62,1099.0,1,1920.0,1080.0,0,0,0,1,2.8,1,4,0,2,3
774,7,4,12.5,4.0,5,1.26,1244.0,3,1366.0,768.0,0,0,0,1,2.3,256,3,0,2,2
775,2,0,15.6,12.0,5,2.3,839.0,1,1920.0,1080.0,1,0,0,1,2.7,2,4,0,2,3
776,10,3,15.6,16.0,7,2.5,2370.0,0,3840.0,2160.0,0,0,0,1,2.7,512,3,0,2,3
777,0,3,14.0,4.0,5,1.8,636.0,1,1920.0,1080.0,0,1,0,1,2.4,128,3,0,2,2
778,14,1,14.0,16.0,5,1.95,2711.2200000000007,1,1920.0,1080.0,0,0,0,1,2.8,512,3,0,2,3
779,2,3,15.6,8.0,5,2.0,581.9,3,1920.0,1080.0,0,0,0,1,1.1,128,3,0,2,2
780,4,1,17.3,16.0,5,3.78,2711.2200000000007,1,1920.0,1080.0,0,1,0,1,2.8,1,6,1024,0,3
781,2,1,17.3,16.0,5,3.78,2350.0,1,1920.0,1080.0,0,1,0,1,2.6,256,3,1024,0,3
782,16,4,14.0,16.0,5,1.47,1764.0,1,1920.0,1080.0,0,1,0,1,2.6,512,3,0,2,3
783,10,3,15.6,8.0,4,2.2,329.0,3,1366.0,768.0,0,0,0,1,1.6,1,4,0,2,2
784,10,4,14.0,16.0,5,1.7,2299.0,1,1920.0,1080.0,0,0,0,1,2.7,512,3,0,2,2
785,11,1,14.0,16.0,5,1.6,1891.0,1,1920.0,1080.0,0,1,0,1,2.8,256,3,1024,0,3
786,11,1,15.6,8.0,5,2.2,1089.0,1,1920.0,1080.0,0,0,0,1,2.5,128,3,1024,0,3
787,10,1,15.6,4.0,5,2.4,999.0,1,1920.0,1080.0,0,1,0,1,2.8,1,4,0,2,3
788,0,1,17.3,16.0,5,3.78,2299.0,1,1920.0,1080.0,0,1,0,1,2.8,256,3,1024,0,3
789,4,1,15.6,8.0,5,2.62,985.0,1,1920.0,1080.0,0,0,0,1,2.5,256,3,0,2,3
790,2,1,15.6,8.0,5,2.24,1339.0,1,1920.0,1080.0,0,0,0,1,2.8,128,3,1024,0,3
791,17,3,14.0,4.0,5,1.22,229.0,3,1920.0,1080.0,0,0,0,1,1.1,32,0,0,2,2
792,10,0,13.3,8.0,5,1.37,1970.0,1,1920.0,1080.0,1,1,0,1,2.7,512,3,0,2,2
793,10,0,15.6,8.0,5,2.08,959.0,1,1920.0,1080.0,1,0,0,1,2.5,256,3,0,2,0
794,1,4,12.0,8.0,3,0.97,1165.0,3,2304.0,1440.0,0,1,1,1,1.2,512,0,0,2,2
795,10,0,14.0,8.0,5,1.42,2330.0,3,2560.0,1440.0,1,1,0,1,2.5,256,3,0,2,2
796,2,3,14.0,4.0,5,1.63,299.0,3,1366.0,768.0,0,0,0,1,1.1,32,0,0,2,2
797,4,3,15.6,8.0,5,1.95,810.0,3,1366.0,768.0,0,0,0,1,2.5,128,3,0,2,2
798,10,0,13.9,8.0,5,1.38,1349.0,1,1920.0,1080.0,1,1,0,1,2.7,256,3,0,2,2
799,4,3,15.6,8.0,5,2.0,739.0,1,1920.0,1080.0,0,0,0,1,2.0,256,3,0,2,0
800,7,5,15.6,8.0,5,3.14,2064.9,1,1920.0,1080.0,0,0,0,1,2.8,256,3,0,2,3
801,2,3,15.6,8.0,5,2.37,1099.0,1,1920.0,1080.0,0,0,0,1,2.5,256,3,0,2,2
802,4,4,13.3,8.0,5,1.29,1499.0,1,1920.0,1080.0,0,0,0,1,2.5,256,3,0,2,2
803,4,3,15.6,8.0,5,2.06,1749.0,0,3840.0,2160.0,1,0,0,1,2.5,256,3,0,2,3
804,4,2,11.6,4.0,5,1.63,744.0,3,1366.0,768.0,0,0,0,1,1.1,128,3,0,2,2
805,7,2,12.5,8.0,5,1.26,1389.0,3,1366.0,768.0,0,0,0,1,2.6,256,3,0,2,2
806,16,3,15.6,4.0,5,2.1,780.0,3,1366.0,768.0,0,0,0,1,2.3,500,1,0,2,2
807,7,3,15.6,8.0,5,2.04,629.0,3,1366.0,768.0,0,0,0,0,2.5,2,4,0,2,0
808,4,1,15.6,16.0,5,2.62,1679.0,0,3840.0,2160.0,0,0,0,1,2.8,512,3,0,2,3
809,10,3,15.6,4.0,5,2.4,609.0,1,1920.0,1080.0,0,0,0,1,2.5,1,4,0,2,3
810,7,1,17.3,12.0,5,3.74,1749.0,1,1920.0,1080.0,0,1,0,1,2.8,1,4,0,2,0
811,11,1,17.3,16.0,5,2.9,2415.0,1,1920.0,1080.0,0,0,0,1,2.8,512,3,1024,0,3
812,15,4,13.3,8.0,5,0.97,1499.0,1,1920.0,1080.0,0,0,0,1,2.5,256,3,0,2,2
813,4,3,15.6,8.0,5,1.98,961.0,1,1920.0,1080.0,0,0,0,1,2.7,1,4,0,2,3
814,4,3,15.6,8.0,5,2.18,789.81,1,1920.0,1080.0,0,0,0,1,2.5,256,3,0,2,0
815,10,4,14.0,8.0,5,1.32,1859.0,1,1920.0,1080.0,0,0,0,1,2.7,256,3,0,2,2
816,14,4,12.5,16.0,5,1.29,1799.0,0,3840.0,2160.0,1,1,0,1,2.5,512,3,0,2,2
817,7,2,11.6,4.0,1,1.23,385.0,3,1366.0,768.0,0,0,0,1,1.6,16,0,0,2,2
818,4,1,17.3,16.0,5,3.78,2505.02,1,1920.0,1080.0,0,1,0,1,2.8,128,3,1024,0,3
819,4,3,14.0,4.0,5,1.76,755.0,3,1366.0,768.0,0,0,0,1,2.3,500,1,0,2,2
820,10,3,15.6,4.0,5,2.1,489.9,3,1366.0,768.0,0,0,0,1,2.0,500,1,0,2,2
821,16,4,14.0,4.0,5,1.25,1090.0,3,1366.0,768.0,0,0,0,1,2.5,128,3,0,2,2
822,10,4,14.0,8.0,5,1.13,2499.0,1,1920.0,1080.0,0,1,0,1,2.7,512,3,0,2,2
823,11,1,15.6,8.0,5,2.4,1199.0,1,1920.0,1080.0,0,0,0,1,2.5,256,3,0,2,3
824,10,4,14.0,8.0,5,1.13,1875.0,1,1920.0,1080.0,0,1,0,1,2.5,256,0,0,2,2
825,16,3,14.0,4.0,5,1.75,499.0,3,1366.0,768.0,0,0,0,1,2.1,128,3,0,2,2
826,2,0,13.3,8.0,5,1.1,1358.0,1,1920.0,1080.0,1,0,0,1,2.5,256,3,0,2,2
827,4,3,14.0,4.0,5,1.76,585.0,3,1366.0,768.0,0,0,0,1,2.0,500,1,0,2,2
828,0,2,11.6,4.0,1,1.35,355.0,3,1366.0,768.0,0,1,0,1,1.6,32,0,0,2,2
829,0,3,14.0,8.0,5,1.5,619.0,1,1920.0,1080.0,0,1,0,1,2.4,128,3,0,2,2
830,14,1,17.3,16.0,5,3.49,2711.2200000000007,0,3840.0,2160.0,1,0,0,1,2.9,512,3,0,2,3
831,10,4,14.0,16.0,5,1.1,2099.0,2,2560.0,1440.0,0,1,0,1,2.6,512,3,0,2,2
832,2,3,15.6,4.0,2,2.1,519.0,1,1920.0,1080.0,0,0,0,1,2.5,1,4,0,2,3
833,10,3,14.0,8.0,5,1.7,1186.0,1,1920.0,1080.0,0,0,0,1,2.3,256,3,0,2,2
834,10,3,14.0,8.0,5,1.32,1650.0,1,1920.0,1080.0,0,1,0,1,2.6,256,3,0,2,2
835,4,1,15.6,16.0,5,3.21,2711.2200000000007,1,1920.0,1080.0,0,0,0,1,2.8,256,3,1024,0,3
836,2,1,17.3,16.0,5,2.9,2419.0,1,1920.0,1080.0,0,0,0,1,2.8,256,3,1024,0,3
837,16,3,15.6,4.0,5,2.0,669.0,3,1366.0,768.0,0,0,0,1,2.4,500,1,0,2,2
838,10,3,14.0,4.0,1,1.5,325.0,3,1366.0,768.0,0,0,0,1,1.6,16,0,0,2,2
839,2,3,15.6,8.0,5,2.3,590.0,1,1920.0,1080.0,0,0,0,1,2.5,128,1,0,2,2
840,2,1,17.3,16.0,5,2.73,1799.0,1,1920.0,1080.0,0,0,0,1,2.6,512,3,1024,0,3
841,4,1,17.3,16.0,5,3.78,2711.2200000000007,1,1920.0,1080.0,0,1,0,1,2.8,512,3,1024,0,3
842,7,3,17.3,8.0,5,2.63,910.0,3,1600.0,900.0,0,0,0,1,2.5,1,4,0,2,3
843,4,3,15.6,8.0,5,2.18,713.99,3,1366.0,768.0,0,0,0,1,2.5,128,3,0,2,2
844,7,4,14.0,8.0,7,1.54,1870.0,1,1920.0,1080.0,0,0,0,1,2.5,512,3,0,2,2
845,4,3,15.6,4.0,5,2.18,739.0,1,1920.0,1080.0,0,0,0,1,2.7,256,3,0,2,0
846,7,0,11.6,4.0,1,1.4,615.0,3,1366.0,768.0,1,0,0,1,1.1,32,0,0,2,2
847,2,4,13.3,8.0,5,1.45,1026.0,1,1920.0,1080.0,0,1,0,1,2.3,512,3,0,2,3
848,7,0,13.3,8.0,5,1.28,2277.0,1,1920.0,1080.0,1,0,0,1,2.5,256,3,0,2,2
849,7,4,14.0,8.0,5,1.54,1468.0,1,1920.0,1080.0,0,0,0,1,2.5,512,3,0,2,2
850,7,3,15.6,4.0,4,1.86,299.0,3,1366.0,768.0,0,0,0,1,1.6,128,3,0,2,2
851,2,1,15.6,16.0,5,2.1,1899.0,1,1920.0,1080.0,0,0,0,1,2.8,128,3,1024,0,3
852,4,3,17.3,8.0,2,2.83,865.0,1,1920.0,1080.0,0,0,0,1,2.7,1,4,0,2,0
853,10,4,14.0,8.0,5,1.96,1903.0,1,1920.0,1080.0,0,1,0,1,2.8,256,3,0,2,3
854,2,3,15.6,8.0,5,2.3,787.0,1,1920.0,1080.0,0,1,0,1,2.7,256,3,0,2,3
855,4,3,15.6,8.0,5,1.9,945.0,1,1920.0,1080.0,0,0,0,1,2.5,128,3,0,2,2
856,2,3,15.6,4.0,5,2.0,449.0,3,1366.0,768.0,0,0,0,1,1.1,1,4,0,2,2
857,7,0,13.3,8.0,5,1.28,2559.0,1,1920.0,1080.0,1,0,0,1,2.8,256,3,0,2,2
858,4,3,13.3,8.0,5,1.62,649.0,1,1920.0,1080.0,1,0,0,1,2.3,1,4,0,2,2
859,10,3,15.6,4.0,4,2.2,469.0,1,1920.0,1080.0,0,0,0,1,2.0,1,4,0,2,2
860,10,3,15.6,8.0,5,2.3,850.66,1,1920.0,1080.0,0,1,0,1,2.5,1,4,0,2,2
861,7,3,15.6,8.0,5,1.84,1349.0,1,1920.0,1080.0,0,0,0,1,2.6,256,3,0,2,0
862,16,3,13.3,4.0,5,1.05,1285.0,1,1920.0,1080.0,0,0,0,1,2.5,128,3,0,2,2
863,10,1,15.6,8.0,4,2.5,1017.0,1,1920.0,1080.0,0,1,0,1,2.5,1,4,0,2,3
864,4,4,13.3,16.0,5,1.29,2240.0,2,3200.0,1800.0,1,0,0,1,2.5,512,3,0,2,2
865,7,3,15.6,4.0,5,2.07,910.0,1,1920.0,1080.0,0,0,0,1,2.3,500,1,0,2,2
866,16,4,13.3,8.0,5,1.2,1095.0,3,1366.0,768.0,0,0,0,1,2.3,256,3,0,2,2
867,10,0,13.3,8.0,5,1.37,1950.0,1,1920.0,1080.0,1,1,0,1,2.7,256,3,0,2,2
868,0,3,14.0,8.0,5,1.56,902.0,1,1920.0,1080.0,0,1,0,1,2.5,256,3,0,2,2
869,4,5,15.6,8.0,5,2.23,1778.0,1,1920.0,1080.0,0,0,0,1,2.8,1,4,0,2,3
870,10,3,15.6,4.0,5,2.38,1055.0,3,1366.0,768.0,0,0,0,1,2.5,500,1,0,2,2
871,10,3,15.6,4.0,4,2.2,479.0,1,1920.0,1080.0,0,0,0,1,2.0,1,4,0,2,0
872,16,3,15.6,8.0,5,2.0,1388.0,1,1920.0,1080.0,0,1,0,1,2.7,256,3,0,2,2
873,10,3,13.3,4.0,5,1.44,735.0,1,1920.0,1080.0,0,1,0,1,2.4,180,3,0,2,2
874,15,4,15.0,16.0,5,1.23,1849.0,1,1920.0,1080.0,0,0,0,1,2.7,256,3,0,2,3
875,4,4,12.5,8.0,5,1.6,1690.0,1,1920.0,1080.0,0,0,0,1,2.8,256,3,0,2,2
876,2,3,15.6,4.0,2,2.0,398.99,3,1366.0,768.0,0,0,0,1,1.1,1,4,0,2,2
877,18,4,13.3,8.0,5,1.28,935.0,1,1920.0,1080.0,0,1,0,1,2.3,256,3,0,2,3
878,4,3,15.6,4.0,5,2.18,912.5,1,1920.0,1080.0,0,0,0,1,2.5,128,3,1024,0,3
879,7,3,15.6,4.0,5,2.04,839.0,1,1920.0,1080.0,0,0,0,1,2.5,256,3,0,2,2
880,7,0,13.3,4.0,5,1.28,1700.0,1,1920.0,1080.0,1,0,0,1,2.5,256,3,0,2,2
881,7,0,15.6,4.0,5,2.3,684.8,3,1366.0,768.0,1,0,0,1,2.5,500,1,0,2,2
882,2,3,14.1,4.0,5,1.65,348.0,3,1366.0,768.0,0,0,0,1,1.1,32,0,0,2,2
883,10,3,15.6,8.0,5,2.2,669.0,1,1920.0,1080.0,0,1,0,1,2.5,1,4,0,2,3
884,4,3,15.6,4.0,5,2.2,369.0,3,1366.0,768.0,0,0,0,1,1.6,500,1,0,2,2
885,7,0,13.3,4.0,5,1.28,1799.0,1,1920.0,1080.0,1,0,0,1,2.5,256,3,0,2,2
886,4,3,15.6,4.0,2,2.18,455.7,3,1366.0,768.0,0,0,0,1,2.0,1,4,0,2,0
887,2,1,17.3,12.0,5,2.2,1369.9,1,1920.0,1080.0,0,0,0,1,2.5,128,3,1024,0,3
888,0,2,11.6,4.0,1,1.25,297.0,3,1366.0,768.0,0,1,0,1,1.6,32,0,0,2,2
889,10,3,17.3,4.0,5,2.8,379.0,3,1600.0,900.0,0,0,0,0,2.2,500,1,0,2,0
890,7,3,14.0,4.0,5,1.95,1265.0,1,1920.0,1080.0,0,0,0,1,2.5,128,3,0,2,2
891,7,0,13.3,16.0,5,1.42,1399.0,2,3200.0,1800.0,1,0,0,1,2.7,256,3,0,2,2
892,15,4,15.0,8.0,5,1.17,1699.0,1,1920.0,1080.0,0,0,0,1,2.7,256,3,0,2,2
893,10,4,14.0,8.0,5,1.32,1799.0,1,1920.0,1080.0,0,1,0,1,2.5,256,3,0,2,2
894,11,1,17.3,16.0,5,2.43,2649.0,0,3840.0,2160.0,0,1,0,1,2.6,512,3,2048,0,3
895,16,3,13.3,8.0,5,1.05,1475.0,1,1920.0,1080.0,0,0,0,1,2.5,256,3,0,2,2
896,4,1,15.6,8.0,2,2.62,929.0,1,1920.0,1080.0,0,0,0,1,2.8,1,4,0,2,3
897,7,3,15.6,8.0,5,2.04,900.0,1,1920.0,1080.0,0,0,0,1,2.7,1,4,0,2,3
898,4,3,15.6,4.0,5,2.18,614.0,3,1366.0,768.0,0,0,0,1,2.0,1,4,0,2,0
899,4,3,15.6,8.0,5,1.9,935.0,1,1920.0,1080.0,0,0,0,1,2.6,500,1,0,2,2
900,4,0,13.3,8.0,5,1.24,2013.1,2,3200.0,1800.0,1,0,0,1,1.3,512,3,0,2,2
901,2,1,17.3,16.0,5,3.58,1279.0,1,1920.0,1080.0,0,1,0,1,2.7,256,3,256,3,3
902,4,0,13.3,16.0,5,1.22,1649.0,1,1920.0,1080.0,1,0,0,1,1.3,256,3,0,2,2
903,10,4,14.0,8.0,5,1.13,2049.0,1,1920.0,1080.0,0,1,0,1,2.7,256,0,0,2,2
904,10,3,15.6,8.0,5,1.95,1962.99,1,1920.0,1080.0,0,1,0,1,2.5,512,3,0,2,2
905,9,4,15.6,16.0,5,1.08,2099.0,1,1920.0,1080.0,1,1,0,1,2.7,512,3,0,2,2
906,7,2,12.5,8.0,5,1.26,1483.0,1,1920.0,1080.0,0,0,0,1,2.7,512,3,0,2,2
907,0,3,15.6,4.0,1,2.2,359.0,1,1920.0,1080.0,0,1,0,1,1.5,16,0,0,2,2
908,10,3,15.6,8.0,5,2.6,789.0,1,1920.0,1080.0,0,1,0,1,2.3,128,3,1024,0,3
909,9,4,14.0,8.0,5,0.98,1899.0,1,1920.0,1080.0,1,1,0,1,2.7,512,3,0,2,2
910,4,3,14.0,8.0,5,1.6,1205.0,1,1920.0,1080.0,0,0,0,1,2.8,256,3,0,2,2
911,7,4,12.5,8.0,5,1.09,2711.2200000000007,0,3840.0,2160.0,1,0,0,1,1.2,240,3,0,2,2
912,10,3,15.6,6.0,5,2.2,789.0,1,1920.0,1080.0,0,0,0,1,2.7,256,3,0,2,3
913,7,3,15.6,8.0,5,2.04,1018.99,1,1920.0,1080.0,0,0,0,1,2.7,256,3,0,2,3
914,0,3,15.6,4.0,5,2.4,499.0,1,1920.0,1080.0,0,0,0,1,2.4,1,4,0,2,2
915,10,3,13.3,4.0,5,1.44,881.0,1,1920.0,1080.0,0,0,0,1,2.5,128,3,0,2,2
916,7,3,13.3,8.0,5,1.49,960.0,1,1920.0,1080.0,0,0,0,1,2.5,256,3,0,2,2
917,11,1,17.3,16.0,5,2.7,1599.0,1,1920.0,1080.0,0,0,0,1,2.8,256,3,1024,0,3
918,4,1,15.6,16.0,5,2.6,1349.0,1,1920.0,1080.0,0,0,0,1,2.8,128,3,1024,0,3
919,11,1,15.6,8.0,5,2.2,1119.91,1,1920.0,1080.0,0,0,0,1,2.5,128,3,1024,0,3
920,4,3,15.6,4.0,5,2.18,684.99,3,1366.0,768.0,0,0,0,1,2.5,1,4,0,2,0
921,7,4,15.6,8.0,5,1.84,1296.99,1,1920.0,1080.0,0,0,0,1,2.5,256,3,0,2,0
922,7,4,13.3,8.0,5,1.39,1149.0,2,3200.0,1800.0,1,0,0,1,2.7,256,3,0,2,2
923,16,3,15.6,16.0,5,2.4,1975.0,1,1920.0,1080.0,0,1,0,1,2.6,256,3,0,2,3
924,10,0,13.3,8.0,5,1.37,1825.0,1,1920.0,1080.0,1,1,0,1,2.5,512,3,0,2,2
925,4,3,15.6,4.0,5,1.95,729.9,3,1366.0,768.0,0,0,0,1,2.3,500,1,0,2,2
926,10,4,12.5,8.0,5,1.36,1650.0,1,1920.0,1080.0,0,1,0,1,2.7,256,3,0,2,2
927,7,3,15.6,8.0,5,2.31,1165.0,1,1920.0,1080.0,0,0,0,1,2.3,256,3,0,2,2
928,4,3,15.6,4.0,5,2.18,708.06,3,1366.0,768.0,0,0,0,1,2.5,1,4,0,2,2
929,7,3,14.0,4.0,5,1.95,1149.0,3,1366.0,768.0,0,0,0,1,2.3,500,1,0,2,2
930,10,3,15.6,4.0,5,2.2,309.0,3,1366.0,768.0,0,0,0,1,1.1,1,4,0,2,2
931,7,4,12.5,4.0,5,1.26,1579.0,1,1920.0,1080.0,0,0,0,1,2.3,500,1,0,2,2
932,7,3,15.6,4.0,4,1.86,288.9,3,1366.0,768.0,0,0,0,1,1.6,1,4,0,2,2
933,10,0,13.3,16.0,5,1.3,1799.0,2,3200.0,1800.0,1,1,0,1,2.2,1,6,0,2,2
934,16,3,14.0,4.0,5,1.47,1105.0,1,1920.0,1080.0,0,1,0,1,2.3,128,3,0,2,2
935,7,2,12.5,8.0,5,1.26,1669.0,1,1920.0,1080.0,0,0,0,1,2.3,256,3,0,2,2
936,4,3,15.6,4.0,5,2.18,558.6,3,1366.0,768.0,0,0,0,1,2.0,1,4,0,2,2
937,11,1,15.6,8.0,5,2.2,1199.0,1,1920.0,1080.0,0,0,0,1,2.8,128,3,1024,0,3
938,4,4,14.0,8.0,5,1.36,1639.0,1,1920.0,1080.0,0,0,0,1,2.5,256,3,0,2,2
939,4,1,17.3,16.0,5,3.78,2711.2200000000007,3,2560.0,1440.0,0,0,0,1,2.7,512,3,1024,0,3
940,7,1,17.3,8.0,5,2.75,1399.0,1,1920.0,1080.0,0,1,0,1,2.3,128,3,1024,0,3
941,2,3,17.3,4.0,5,2.8,530.0,3,1600.0,900.0,0,0,0,1,1.6,1,4,0,2,3
942,0,3,15.6,4.0,5,2.23,619.0,3,1366.0,768.0,0,0,0,1,2.5,500,1,0,2,2
943,16,3,15.6,8.0,5,2.2,1119.0,3,1366.0,768.0,0,0,0,1,2.3,256,3,0,2,2
944,10,0,11.6,8.0,5,1.1,1299.0,1,1920.0,1080.0,1,1,0,1,1.2,256,3,0,2,2
945,10,1,15.6,16.0,5,2.5,999.0,1,1920.0,1080.0,0,1,0,0,2.1,512,3,1024,0,0
946,4,4,12.5,8.0,5,1.36,1472.2,1,1920.0,1080.0,1,0,0,1,2.5,256,3,0,2,2
947,10,3,15.6,8.0,4,2.2,685.0,1,1920.0,1080.0,0,0,0,1,2.7,1,4,0,2,3
948,4,3,17.3,4.0,5,2.36,659.0,3,1600.0,900.0,0,0,0,1,2.0,1,4,0,2,0
949,0,3,14.0,4.0,1,1.68,349.0,3,1366.0,768.0,0,0,0,1,1.6,32,0,0,2,2
950,7,5,15.6,8.0,5,2.0,2249.0,1,1920.0,1080.0,0,1,0,1,2.7,8,3,0,2,3
951,4,4,14.0,8.0,5,1.36,1775.0,1,1920.0,1080.0,0,0,0,1,2.8,256,3,0,2,2
952,16,3,13.3,8.0,7,1.2,1460.0,1,1920.0,1080.0,0,0,0,1,2.3,256,3,0,2,2
953,2,0,12.5,8.0,1,1.2,1159.0,1,1920.0,1080.0,0,0,0,1,1.2,64,0,0,2,2
954,10,4,14.0,8.0,5,1.7,1488.99,1,1920.0,1080.0,0,1,0,1,2.6,256,3,0,2,2
955,4,1,17.3,16.0,5,3.78,2711.2200000000007,0,3840.0,2160.0,0,1,0,1,2.8,512,3,1024,0,3
956,4,0,13.3,8.0,5,1.24,1899.0,1,1920.0,1080.0,1,0,0,1,1.2,256,3,0,2,2
957,7,0,11.6,4.0,5,1.45,775.0,3,1366.0,768.0,1,0,0,1,1.1,256,3,0,2,2
958,4,4,13.3,8.0,5,1.3,1268.0,2,3200.0,1800.0,0,0,0,1,2.5,256,3,0,2,2
959,0,0,11.6,4.0,1,1.25,389.0,3,1366.0,768.0,1,1,0,1,1.6,32,0,0,2,2
960,16,3,13.3,8.0,5,1.2,1535.0,1,1920.0,1080.0,0,0,0,1,2.4,256,3,0,2,2
961,10,4,12.5,8.0,5,1.36,1760.0,1,1920.0,1080.0,0,1,0,1,2.6,256,3,0,2,2
962,0,3,15.6,12.0,5,2.4,1009.0,1,1920.0,1080.0,0,0,0,1,2.5,128,3,1024,0,3
963,16,4,12.5,8.0,5,1.1,1790.0,1,1920.0,1080.0,1,0,0,1,2.7,512,3,0,2,2
964,7,3,15.6,8.0,5,2.04,846.5,3,1366.0,768.0,0,0,0,1,2.5,1,4,0,2,3
965,4,3,15.6,4.0,2,2.25,465.62,3,1366.0,768.0,0,0,0,1,2.0,1,4,0,2,0
966,4,3,15.6,4.0,5,1.9,825.0,3,1366.0,768.0,0,0,0,1,2.5,500,1,0,2,2
967,7,3,15.6,4.0,5,2.04,685.0,1,1920.0,1080.0,0,0,0,1,2.4,500,1,0,2,2
968,4,1,17.3,16.0,5,3.78,2711.2200000000007,1,1920.0,1080.0,0,1,0,1,2.8,256,3,1024,0,3
969,10,3,15.6,6.0,5,2.4,695.0,1,1920.0,1080.0,0,0,0,1,2.5,256,3,0,2,3
970,4,0,13.3,16.0,5,1.22,1899.0,2,3200.0,1800.0,1,0,0,1,1.3,512,3,0,2,2
971,4,4,14.0,8.0,5,1.5,1962.98,3,2560.0,1440.0,1,0,0,1,2.6,256,3,0,2,2
972,4,1,17.3,16.0,5,3.78,2711.2200000000007,1,1920.0,1080.0,0,0,0,1,2.6,256,3,1024,0,3
973,16,3,14.0,8.0,5,1.95,1180.0,1,1920.0,1080.0,0,0,0,1,2.3,256,3,0,2,2
974,2,1,17.3,16.0,5,2.73,2049.9,1,1920.0,1080.0,0,0,0,1,2.8,256,3,1024,0,3
975,7,3,15.6,8.0,5,2.04,979.0,1,1920.0,1080.0,0,1,0,1,2.7,128,3,1024,0,3
976,10,3,14.0,4.0,7,1.7,1002.0,3,1366.0,768.0,0,0,0,1,2.3,508,2,0,2,2
977,2,0,15.6,16.0,5,2.3,1799.0,0,3840.0,2160.0,1,0,0,1,2.7,512,3,2048,0,3
978,7,3,15.6,6.0,5,2.04,579.0,3,1366.0,768.0,0,0,0,1,2.7,1,4,0,2,2
979,2,1,17.3,16.0,5,2.99,1749.0,1,1920.0,1080.0,0,0,0,1,2.8,256,3,1024,0,3
980,4,0,15.6,12.0,5,2.19,1299.0,1,1920.0,1080.0,1,1,0,1,2.7,512,3,0,2,2
981,16,3,13.3,4.0,7,1.2,1195.0,1,1920.0,1080.0,0,0,0,1,2.3,128,3,0,2,2
982,10,3,15.6,6.0,5,2.2,549.0,1,1920.0,1080.0,0,0,0,0,3.6,256,3,0,2,0
983,5,3,15.6,4.0,5,2.3,649.0,3,1366.0,768.0,0,0,0,1,2.3,256,3,0,2,2
984,16,3,14.0,4.0,5,1.75,915.0,3,1366.0,768.0,0,0,0,1,2.3,500,1,0,2,2
985,4,3,15.6,4.0,5,2.25,599.0,3,1366.0,768.0,0,0,0,1,2.5,500,1,0,2,0
986,7,3,15.6,8.0,5,2.04,806.0,1,1920.0,1080.0,0,0,0,1,2.5,1,4,0,2,2
987,10,1,15.6,8.0,5,2.5,1189.0,1,1920.0,1080.0,0,1,0,1,2.8,128,3,1024,0,3
988,4,3,15.6,8.0,5,2.36,749.0,3,1366.0,768.0,0,0,0,1,2.7,1,4,0,2,0
989,4,3,14.0,8.0,5,1.6,1119.0,1,1920.0,1080.0,0,0,0,1,2.5,128,3,0,2,2
990,7,2,12.5,8.0,5,0.97,1908.0,1,1920.0,1080.0,0,0,0,1,1.2,512,3,0,2,2
991,7,3,15.6,4.0,5,2.1,499.0,1,1920.0,1080.0,0,0,0,1,2.0,128,3,1024,0,0
992,10,3,15.6,4.0,4,1.9,270.62,3,1366.0,768.0,0,0,0,1,1.1,128,3,0,2,2
993,10,3,15.6,8.0,5,2.3,1349.0,1,1920.0,1080.0,0,0,0,1,2.3,256,3,0,2,2
994,4,0,13.3,8.0,5,1.68,889.0,1,1920.0,1080.0,1,0,0,1,2.5,256,3,0,2,2
995,2,3,13.3,8.0,5,1.4,1150.0,2,3200.0,1800.0,0,0,0,1,2.5,256,3,0,2,2
996,7,4,13.3,8.0,5,1.11,1349.0,1,1920.0,1080.0,1,1,0,1,2.7,256,3,0,2,2
997,0,3,15.6,4.0,5,2.4,380.0,3,1366.0,768.0,0,0,0,1,1.1,500,1,0,2,2
998,2,1,15.6,16.0,5,2.5,1799.0,1,1920.0,1080.0,0,0,0,1,2.8,256,3,1024,0,3
999,7,4,14.0,8.0,5,1.48,2089.0,1,1920.0,1080.0,0,0,0,1,2.7,512,3,0,2,2
1000,0,1,15.6,8.0,5,2.7,1260.0,1,1920.0,1080.0,0,1,0,1,2.8,128,3,1024,0,3
1001,7,3,13.3,8.0,5,1.34,1189.0,1,1920.0,1080.0,0,1,0,1,2.5,256,3,0,2,2
1002,4,3,15.6,4.0,5,2.18,547.0,3,1366.0,768.0,0,0,0,1,2.4,128,3,0,2,2
1003,7,3,14.0,4.0,5,1.64,779.0,3,1366.0,768.0,0,0,0,1,2.5,500,1,0,2,2
1004,16,3,13.3,4.0,5,1.2,1195.0,1,1920.0,1080.0,0,0,0,1,2.3,128,3,0,2,2
1005,7,3,14.0,4.0,5,1.48,1099.99,3,1366.0,768.0,0,0,0,1,2.4,256,3,0,2,2
1006,7,3,14.0,4.0,5,1.95,1205.0,1,1920.0,1080.0,0,0,0,1,2.5,256,3,0,2,2
1007,7,4,14.0,8.0,7,1.43,1449.0,1,1920.0,1080.0,0,0,0,1,2.6,256,3,0,2,2
1008,7,3,14.0,8.0,5,1.64,1049.26,1,1920.0,1080.0,0,0,0,1,2.5,256,3,0,2,3
1009,7,3,14.0,4.0,5,1.64,684.0,3,1366.0,768.0,0,0,0,1,2.4,500,1,0,2,2
1010,4,1,15.6,8.0,5,2.65,949.0,1,1920.0,1080.0,0,0,0,1,2.5,1,5,0,2,3
1011,7,4,12.5,4.0,5,1.26,1539.0,1,1920.0,1080.0,0,0,0,1,2.5,500,1,0,2,2
1012,7,3,14.0,4.0,5,1.48,1590.0,1,1920.0,1080.0,0,0,0,1,2.5,256,3,0,2,2
1013,7,4,14.0,8.0,5,1.54,1887.21,1,1920.0,1080.0,0,0,0,1,2.5,256,3,0,2,2
1014,7,3,13.3,4.0,5,1.49,800.0,3,1366.0,768.0,0,0,0,1,2.4,500,1,0,2,2
1015,16,3,13.3,8.0,5,1.5,1210.0,3,1366.0,768.0,0,0,0,1,2.3,256,3,0,2,2
1016,7,3,15.6,4.0,5,2.04,769.99,3,1366.0,768.0,0,0,0,1,2.4,256,3,0,2,2
1017,10,3,17.3,16.0,7,2.4,2711.2200000000007,0,3840.0,2160.0,0,1,0,1,2.7,512,3,0,2,3
1018,16,3,14.0,8.0,5,1.47,1490.0,1,1920.0,1080.0,0,1,0,1,2.3,256,3,0,2,2
1019,7,3,14.0,8.0,5,1.43,2229.0,1,1920.0,1080.0,0,0,0,1,2.5,256,3,0,2,2
1020,4,0,15.6,4.0,5,2.08,795.99,1,1920.0,1080.0,1,1,0,1,2.3,1,4,0,2,2
1021,16,4,13.3,8.0,5,1.2,1590.0,1,1920.0,1080.0,0,0,0,1,2.3,256,3,0,2,2
1022,7,3,13.3,8.0,5,1.11,1149.0,1,1920.0,1080.0,0,1,0,1,2.5,256,3,0,2,2
1023,7,3,14.0,8.0,5,1.64,1185.43,1,1920.0,1080.0,0,0,0,1,2.7,256,3,0,2,3
1024,4,3,15.6,8.0,5,2.09,1046.44,1,1920.0,1080.0,0,0,0,1,2.4,500,1,0,2,2
1025,7,4,12.5,4.0,5,1.26,1559.0,3,1366.0,768.0,0,0,0,1,2.5,256,3,0,2,2
1026,7,3,14.0,4.0,5,2.31,1189.0,3,1366.0,768.0,0,0,0,1,2.5,500,1,0,2,2
1027,7,3,14.0,4.0,5,1.95,1060.0,3,1366.0,768.0,0,0,0,1,2.5,500,1,0,2,2
1028,4,4,13.3,8.0,5,1.29,1624.0,2,3200.0,1800.0,1,0,0,1,2.5,256,3,0,2,2
1029,7,3,17.3,8.0,5,2.63,1080.0,1,1920.0,1080.0,0,0,0,1,2.5,256,3,0,2,3
1030,7,3,14.0,4.0,5,1.64,973.0,3,1366.0,768.0,0,0,0,1,2.5,256,3,0,2,2
1031,0,3,15.6,6.0,5,2.1,409.0,3,1366.0,768.0,0,0,0,0,3.0,1,4,0,2,0
1032,11,1,17.3,8.0,5,2.7,1191.8,1,1920.0,1080.0,0,0,0,1,2.8,128,3,1024,0,3
1033,7,3,14.0,8.0,7,1.95,1195.0,1,1920.0,1080.0,0,0,0,1,2.3,256,3,0,2,2
1034,7,3,15.6,8.0,5,1.84,1228.99,1,1920.0,1080.0,0,0,0,1,2.5,256,3,0,2,2
1035,7,4,12.5,8.0,5,1.26,1349.0,1,1920.0,1080.0,0,0,0,1,2.5,256,3,0,2,2
1036,7,3,15.6,4.0,5,2.04,742.0,3,1366.0,768.0,0,0,0,1,2.5,500,1,0,2,2
1037,16,4,14.0,8.0,5,1.47,1725.0,1,1920.0,1080.0,0,1,0,1,2.6,256,3,0,2,2
1038,4,3,15.6,8.0,7,2.09,1062.95,1,1920.0,1080.0,0,0,0,1,2.4,256,3,0,2,2
1039,7,3,14.0,8.0,5,1.64,1010.51,1,1920.0,1080.0,0,0,0,1,2.5,256,3,0,2,2
1040,10,0,15.6,4.0,5,1.8,847.0,1,1920.0,1080.0,1,1,0,1,2.5,256,3,0,2,2
1041,17,3,14.0,2.0,5,1.45,229.0,3,1366.0,768.0,0,0,0,1,1.44,32,0,0,2,2
1042,16,3,15.6,16.0,5,2.4,1425.0,1,1920.0,1080.0,0,1,0,1,2.5,256,3,0,2,3
1043,10,3,15.6,8.0,5,2.3,1049.6,1,1920.0,1080.0,0,0,0,1,2.3,256,3,0,2,2
1044,7,3,14.0,4.0,5,1.54,1000.0,1,1920.0,1080.0,0,0,0,1,2.3,500,1,0,2,2
1045,7,3,15.6,8.0,5,1.84,2103.34,1,1920.0,1080.0,0,0,0,1,2.4,256,3,500,0,2
1046,7,3,14.0,8.0,7,1.43,1469.0,1,1920.0,1080.0,0,0,0,1,2.3,256,3,0,2,2
1047,11,1,17.3,16.0,5,3.78,1545.64,1,1920.0,1080.0,0,1,0,1,2.7,256,3,1024,0,3
1048,10,1,17.3,16.0,5,3.78,2289.99,1,1920.0,1080.0,0,1,0,1,2.6,128,3,1024,0,3
1049,2,2,11.6,4.0,1,1.2,287.9,3,1366.0,768.0,0,0,0,1,1.6,16,0,0,2,2
1050,10,3,14.0,16.0,7,1.1,2620.0,3,2560.0,1440.0,0,1,0,1,2.6,256,3,0,2,2
1051,7,3,15.6,8.0,5,1.91,979.0,1,1920.0,1080.0,0,1,0,1,2.7,1,4,0,2,3
1052,4,0,15.6,8.0,5,2.3,1094.0,1,1920.0,1080.0,1,1,0,1,2.7,256,3,0,2,2
1053,7,3,15.6,4.0,5,2.04,979.0,3,1366.0,768.0,0,0,0,1,2.5,256,3,0,2,2
1054,4,4,13.3,16.0,5,1.2,2254.0,2,3200.0,1800.0,1,0,0,1,2.7,1,6,0,2,2
1055,7,3,15.6,4.0,5,2.31,705.15,3,1366.0,768.0,0,0,0,1,2.3,500,1,0,2,2
1056,7,3,15.6,4.0,4,1.96,499.0,3,1366.0,768.0,0,0,0,1,2.5,500,1,0,2,2
1057,0,3,15.6,8.0,5,2.4,449.0,3,1366.0,768.0,0,0,0,0,2.2,1,4,0,2,0
1058,4,0,13.3,12.0,5,1.6,1299.0,1,1920.0,1080.0,1,1,0,1,2.7,256,3,0,2,2
1059,11,1,15.6,16.0,5,2.94,1819.0,1,1920.0,1080.0,0,0,0,1,2.6,256,3,1024,0,3
1060,7,3,15.6,8.0,5,2.04,1070.0,1,1920.0,1080.0,0,0,0,1,2.7,256,3,0,2,2
1061,2,1,17.3,16.0,4,3.78,998.0,1,1920.0,1080.0,0,1,0,1,2.6,1,4,0,2,3
1062,4,3,15.6,4.0,5,2.25,559.0,1,1920.0,1080.0,0,0,0,1,2.5,1,4,0,2,2
1063,4,3,15.6,16.0,5,2.32,989.99,1,1920.0,1080.0,0,0,0,1,2.7,2,4,0,2,0
1064,11,1,15.6,16.0,5,1.8,1929.0,1,1920.0,1080.0,0,0,0,1,2.6,256,3,1024,0,3
1065,4,4,13.3,8.0,5,1.29,1458.0,1,1920.0,1080.0,0,0,0,1,2.7,256,3,0,2,2
1066,2,1,17.3,16.0,5,3.58,2711.2200000000007,1,1920.0,1080.0,0,1,0,1,2.7,1,6,0,2,3
1067,4,0,13.3,8.0,5,1.62,798.01,1,1920.0,1080.0,1,0,0,1,2.5,256,3,0,2,2
1068,4,1,15.6,16.0,5,3.21,1329.0,0,3840.0,2160.0,0,0,0,1,2.6,256,3,1024,0,3
1069,1,4,12.0,8.0,3,0.97,1300.0,3,2304.0,1440.0,0,1,1,1,1.1,256,0,0,2,2
1070,4,3,15.6,4.0,5,2.06,481.98,3,1366.0,768.0,0,0,0,1,2.3,500,1,0,2,2
1071,7,3,15.6,4.0,5,2.31,1199.0,3,1366.0,768.0,0,0,0,1,2.3,500,1,0,2,2
1072,7,4,12.5,8.0,7,1.26,1199.0,1,1920.0,1080.0,0,0,0,1,2.3,256,3,0,2,2
1073,7,3,13.3,8.0,5,1.49,1090.0,1,1920.0,1080.0,0,0,0,1,2.7,256,3,0,2,2
1074,10,4,12.5,8.0,5,1.3,1713.49,1,1920.0,1080.0,1,1,0,1,2.5,256,3,0,2,2
1075,10,3,17.3,8.0,5,3.0,659.0,3,1600.0,900.0,0,0,0,1,2.3,1,4,0,2,0
1076,10,3,15.6,4.0,5,2.3,977.0,1,1920.0,1080.0,0,1,0,1,2.3,1,4,0,2,3
1077,11,1,17.3,16.0,5,3.78,2499.0,1,1920.0,1080.0,0,0,0,1,2.8,256,3,1024,0,3
1078,10,3,15.6,4.0,5,2.1,540.0,3,1366.0,768.0,0,0,0,1,2.3,500,1,0,2,2
1079,7,3,15.6,4.0,7,2.31,940.0,1,1920.0,1080.0,0,0,0,1,2.3,500,1,0,2,2
1080,10,4,12.5,8.0,5,0.99,1399.0,3,2560.0,1440.0,1,1,0,1,1.2,512,3,0,2,2
1081,10,1,17.3,16.0,5,3.78,2711.2200000000007,1,1920.0,1080.0,0,1,0,1,2.7,512,3,1024,1,3
1082,10,0,11.6,4.0,5,0.97,646.27,3,1920.0,1200.0,1,1,0,1,1.44,64,0,0,2,2
1083,7,4,13.3,16.0,5,1.3,2049.0,0,3840.0,2160.0,0,1,0,1,2.7,512,3,0,2,2
1084,4,3,15.6,8.0,5,2.18,750.0,1,1920.0,1080.0,0,0,0,1,2.5,256,3,0,2,2
1085,7,3,14.0,4.0,7,1.54,1030.99,1,1920.0,1080.0,0,0,0,1,2.3,500,1,0,2,2
1086,7,5,15.6,8.0,7,1.9,1495.0,1,1920.0,1080.0,0,0,0,1,2.5,256,3,0,2,0
1087,10,3,14.0,8.0,7,1.7,1199.0,1,1920.0,1080.0,0,0,0,1,2.3,180,3,0,2,2
1088,7,3,13.3,4.0,1,1.29,615.0,2,3200.0,1800.0,0,0,0,1,1.5,32,0,0,2,2
1089,0,3,15.6,4.0,5,2.4,387.0,3,1366.0,768.0,0,0,0,0,2.2,500,1,0,2,0
1090,4,3,15.6,4.0,2,2.2,393.49,3,1366.0,768.0,0,0,0,1,1.6,500,1,0,2,2
1091,7,3,15.6,4.0,4,1.86,345.99,3,1366.0,768.0,0,0,0,1,2.0,1,4,0,2,2
1092,2,1,17.3,8.0,5,2.7,1599.0,1,1920.0,1080.0,0,1,0,1,2.8,256,3,1024,0,3
1093,4,4,13.3,4.0,5,1.4,818.35,1,1920.0,1080.0,0,1,0,1,1.6,256,3,0,2,0
1094,7,2,12.5,4.0,7,2.4,1599.0,3,1366.0,768.0,0,0,0,1,2.3,128,3,0,2,2
1095,0,3,15.6,8.0,5,2.4,799.0,1,1920.0,1080.0,0,0,0,1,2.5,256,3,1024,0,3
1096,4,3,15.6,8.0,5,2.36,638.8,1,1920.0,1080.0,0,0,0,1,2.5,1,4,0,2,0
1097,11,1,17.3,8.0,5,2.6,1599.0,1,1920.0,1080.0,0,0,0,1,2.6,256,3,0,2,3
1098,7,3,15.6,4.0,5,1.96,500.0,3,1366.0,768.0,0,0,0,1,1.6,1,4,0,2,2
1099,2,1,17.3,16.0,5,3.78,2299.0,1,1920.0,1080.0,0,1,0,1,2.6,128,3,1024,0,3
1100,4,4,12.5,4.0,7,1.5,1135.15,3,1366.0,768.0,0,0,0,1,2.3,500,1,0,2,2
1101,4,4,12.5,4.0,7,1.5,1166.97,3,1366.0,768.0,0,0,0,1,2.3,128,3,0,2,2
1102,0,3,15.6,4.0,1,2.2,229.0,3,1366.0,768.0,0,0,0,1,1.5,16,3,0,2,2
1103,7,5,17.3,8.0,7,3.0,2711.2200000000007,1,1920.0,1080.0,0,1,0,1,2.6,1,4,0,2,0
1104,10,1,15.6,16.0,5,2.4,1199.0,1,1920.0,1080.0,0,0,0,1,2.8,512,3,0,2,3
1105,4,4,12.5,8.0,7,1.5,1413.1,3,1366.0,768.0,0,0,0,1,2.3,256,3,0,2,2
1106,11,1,17.3,8.0,5,2.9,1511.19,1,1920.0,1080.0,0,0,0,1,2.6,128,3,1024,0,3
1107,10,0,15.6,4.0,5,2.1,867.0,1,1920.0,1080.0,1,1,0,1,2.3,256,3,0,2,2
1108,7,3,15.6,4.0,5,2.1,398.0,1,1920.0,1080.0,0,0,0,0,2.5,1,4,0,2,0
1109,2,1,15.6,16.0,5,2.59,1339.0,1,1920.0,1080.0,0,1,0,1,2.6,128,3,1024,0,3
1110,7,3,13.3,8.0,5,1.16,1699.0,2,3200.0,1800.0,1,0,0,1,1.1,256,3,0,2,2
1111,4,3,15.6,4.0,7,2.24,769.15,3,1366.0,768.0,0,0,0,1,2.3,500,1,0,2,0
1112,10,3,15.6,4.0,5,2.1,429.0,3,1366.0,768.0,0,0,0,1,2.0,128,3,0,2,2
1113,7,4,13.3,8.0,5,1.16,1969.0,1,1920.0,1080.0,0,0,0,1,2.5,512,3,0,2,2
1114,10,0,11.6,4.0,0,0.97,549.0,3,1920.0,1200.0,1,1,0,1,1.44,64,0,0,2,2
1115,4,4,13.3,8.0,5,1.23,1379.0,1,1920.0,1080.0,0,0,0,1,2.4,256,3,0,2,2
1116,10,1,17.3,16.0,5,3.78,2711.2200000000007,1,1920.0,1080.0,0,1,0,1,2.7,256,3,1024,1,3
1117,14,4,12.5,8.0,5,1.25,1029.0,0,3840.0,2160.0,1,0,0,1,2.5,256,3,0,2,2
1118,16,4,13.3,16.0,5,1.05,2226.0,1,1920.0,1080.0,0,0,0,1,2.7,512,3,0,2,2
1119,2,1,17.3,8.0,5,3.52,1312.49,1,1920.0,1080.0,0,0,0,1,2.6,128,3,1024,0,3
1120,17,3,13.3,4.0,5,1.35,229.0,1,1920.0,1080.0,0,0,0,1,1.44,32,0,0,2,2
1121,7,3,13.3,8.0,5,1.16,1690.0,1,1920.0,1080.0,0,0,0,1,2.3,256,3,0,2,2
1122,7,3,14.0,8.0,7,1.43,1513.0,1,1920.0,1080.0,0,0,0,1,2.3,256,3,0,2,2
1123,4,3,15.6,4.0,2,2.09,523.63,3,1366.0,768.0,0,0,0,1,2.3,500,1,0,2,2
1124,2,3,15.6,4.0,5,2.0,435.0,3,1366.0,768.0,0,0,0,1,2.4,1,4,0,2,2
1125,10,0,14.0,8.0,5,1.8,1669.0,1,1920.0,1080.0,1,1,0,1,2.5,256,3,0,2,2
1126,10,0,11.6,4.0,5,0.97,479.0,3,1920.0,1200.0,1,1,0,1,1.44,64,0,0,2,2
1127,7,4,12.5,8.0,7,1.26,1895.0,3,1366.0,768.0,0,0,0,1,2.4,256,3,0,2,2
1128,10,1,15.6,8.0,4,2.4,989.0,1,1920.0,1080.0,0,1,0,1,2.5,128,3,1024,0,3
1129,7,1,17.3,8.0,5,3.35,1129.0,1,1920.0,1080.0,0,1,0,1,2.3,128,3,1024,0,3
1130,7,3,15.6,8.0,5,2.04,629.0,3,1366.0,768.0,0,0,0,1,2.7,2,4,0,2,2
1131,10,0,14.0,8.0,7,1.8,2050.38,1,1920.0,1080.0,1,1,0,1,2.6,512,3,0,2,3
1132,2,3,14.0,4.0,5,1.5,278.0,3,1366.0,768.0,0,0,0,1,1.1,32,0,0,2,2
1133,7,4,15.6,8.0,5,1.84,752.0,1,1920.0,1080.0,0,0,0,1,2.7,256,3,0,2,2
1134,0,3,15.6,4.0,5,2.23,616.0,1,1920.0,1080.0,0,0,0,1,2.5,1,4,0,2,3
1135,10,3,15.6,16.0,5,2.5,1099.0,1,1920.0,1080.0,0,0,0,1,2.5,1,5,0,2,0
1136,7,5,17.3,8.0,7,3.0,2711.2200000000007,1,1920.0,1080.0,0,1,0,1,2.6,256,3,0,2,3
1137,4,3,15.6,8.0,5,2.5,784.0,3,1366.0,768.0,0,0,0,1,2.5,1,4,0,2,0
1138,11,1,17.3,16.0,5,3.78,2399.0,1,1920.0,1080.0,0,0,0,1,2.7,256,3,1024,0,3
1139,7,4,15.6,8.0,7,1.88,2171.72,1,1920.0,1080.0,0,0,0,1,2.5,256,3,0,2,2
1140,10,0,14.0,16.0,5,2.8,2440.0,3,2560.0,1440.0,1,1,0,1,2.6,512,3,0,2,2
1141,11,1,15.6,8.0,5,2.4,1142.8,1,1920.0,1080.0,0,0,0,1,2.8,128,3,1024,0,3
1142,7,0,13.3,8.0,5,1.48,1629.0,1,1920.0,1080.0,1,0,0,1,2.4,256,3,0,2,2
1143,7,5,15.6,8.0,7,2.59,2229.0,1,1920.0,1080.0,0,1,0,1,2.6,256,3,0,2,3
1144,7,0,13.3,8.0,5,1.48,1799.0,3,2560.0,1440.0,1,0,0,1,2.6,256,3,0,2,2
1145,7,5,15.6,8.0,7,2.0,1899.0,1,1920.0,1080.0,0,0,0,1,2.6,256,3,0,2,3
1146,7,4,12.5,8.0,7,1.26,2296.95,1,1920.0,1080.0,0,0,0,1,2.5,256,3,0,2,2
1147,4,3,15.6,8.0,5,2.18,1009.9,1,1920.0,1080.0,0,0,0,1,2.7,256,3,0,2,3
1148,7,3,15.6,8.0,7,1.88,1579.0,1,1920.0,1080.0,0,0,0,1,2.3,256,3,0,2,2
1149,10,0,14.0,8.0,5,1.27,2339.0,3,2560.0,1440.0,1,1,0,1,2.5,256,3,0,2,2
1150,10,3,15.6,4.0,4,1.9,339.0,3,1366.0,768.0,0,0,0,1,2.0,1,4,0,2,2
1151,7,3,15.6,4.0,5,1.86,297.0,3,1366.0,768.0,0,0,0,0,1.8,500,1,0,2,0
1152,10,3,15.6,8.0,4,2.32,599.0,1,1920.0,1080.0,0,0,0,1,2.3,1,4,0,2,0
1153,4,1,15.6,8.0,5,2.62,1199.0,1,1920.0,1080.0,0,0,0,1,2.8,1,4,0,2,3
1154,4,3,15.6,8.0,5,2.04,2250.68,0,3840.0,2160.0,1,1,0,1,2.3,256,3,0,2,3
1155,7,3,15.6,4.0,5,1.91,478.89,1,1920.0,1080.0,0,0,0,0,2.5,256,3,0,2,0
1156,11,1,17.3,16.0,5,2.7,1492.8,1,1920.0,1080.0,0,0,0,1,2.8,256,3,1024,0,3
1157,10,4,14.0,12.0,7,1.4,2299.0,1,1920.0,1080.0,0,0,0,1,2.6,512,3,0,2,2
1158,10,3,15.6,8.0,5,2.5,788.49,1,1920.0,1080.0,0,0,0,1,2.3,1,5,0,2,0
1159,7,0,13.3,8.0,5,1.48,2041.0,3,2560.0,1440.0,1,0,0,1,2.6,512,3,0,2,2
1160,10,4,14.0,8.0,7,1.7,1499.0,1,1920.0,1080.0,0,0,0,1,2.6,256,3,0,2,2
1161,11,1,14.0,16.0,5,1.7,1769.0,1,1920.0,1080.0,0,0,0,1,2.6,256,3,1024,0,3
1162,7,1,15.6,8.0,5,2.62,899.0,1,1920.0,1080.0,0,1,0,1,2.8,1,4,0,2,3
1163,10,3,15.6,8.0,5,2.2,459.0,3,1366.0,768.0,0,0,0,1,2.0,1,4,0,2,2
1164,7,3,15.6,4.0,4,2.1,476.99,3,1366.0,768.0,0,0,0,1,2.3,500,1,0,2,2
1165,4,1,15.6,8.0,5,2.62,1498.0,0,3840.0,2160.0,0,0,0,1,2.8,128,3,1024,0,3
1166,10,3,15.6,8.0,5,1.95,1390.0,1,1920.0,1080.0,0,1,0,1,2.5,256,3,0,2,2
1167,10,3,15.6,4.0,5,2.2,468.0,1,1920.0,1080.0,0,0,0,1,2.0,1,4,0,2,3
1168,7,3,14.0,2.0,5,1.44,249.0,3,1366.0,768.0,0,0,0,1,1.6,32,0,0,2,2
1169,11,1,15.6,8.0,5,2.2,839.0,1,1920.0,1080.0,0,1,0,1,2.7,1,4,0,2,3
1170,7,3,15.6,8.0,5,1.96,679.0,1,1920.0,1080.0,0,0,0,1,2.5,256,3,0,2,2
1171,7,3,15.6,16.0,5,2.1,1159.0,1,1920.0,1080.0,0,0,0,1,1.8,512,3,0,2,2
1172,2,3,15.6,4.0,5,2.2,369.0,3,1366.0,768.0,0,0,0,1,1.6,500,1,0,2,2
1173,10,3,15.6,4.0,4,2.1,398.0,3,1366.0,768.0,0,0,0,1,2.3,500,1,0,2,2
1174,10,3,15.6,8.0,4,2.2,709.0,1,1920.0,1080.0,0,0,0,1,2.7,1,4,0,2,3
1175,2,3,14.0,4.0,5,2.0,769.0,1,1920.0,1080.0,0,0,0,1,2.4,256,3,0,2,2
1176,10,3,15.6,4.0,7,2.32,825.0,1,1920.0,1080.0,0,0,0,1,2.5,1,5,0,2,2
1177,10,1,15.6,16.0,5,3.31,1305.0,1,1920.0,1080.0,0,1,0,1,2.6,512,3,0,2,3
1178,11,1,15.6,16.0,5,1.91,2153.37,1,1920.0,1080.0,0,0,0,1,2.6,128,3,1024,0,3
1179,7,3,15.6,4.0,5,2.07,650.0,3,1366.0,768.0,0,0,0,1,2.3,500,1,0,2,2
1180,10,0,14.0,8.0,5,1.36,1637.0,3,2560.0,1440.0,1,1,0,1,2.3,256,3,0,2,2
1181,10,4,15.6,6.0,5,1.54,831.0,1,1920.0,1080.0,0,0,0,1,2.7,256,3,0,2,3
1182,4,3,15.6,8.0,2,1.98,895.01,1,1920.0,1080.0,0,0,0,1,2.7,256,3,0,2,3
1183,0,3,15.6,4.0,5,2.1,333.0,3,1366.0,768.0,0,0,0,1,2.0,500,1,0,2,2
1184,7,3,15.6,6.0,5,2.18,799.0,1,1920.0,1080.0,0,1,0,1,2.6,1,4,0,2,3
1185,2,1,15.6,8.0,5,2.591,909.0,1,1920.0,1080.0,0,1,0,1,2.6,256,3,1024,0,3
1186,4,0,15.6,16.0,5,2.09,1179.0,1,1920.0,1080.0,1,0,0,1,2.7,512,3,0,2,2
1187,0,3,15.6,4.0,5,2.23,691.0,1,1920.0,1080.0,0,0,0,1,2.5,256,3,0,2,3
1188,4,4,13.3,8.0,2,1.23,1099.0,2,3200.0,1800.0,1,0,0,1,2.4,256,3,0,2,2
1189,0,1,17.3,16.0,5,3.78,2599.0,1,1920.0,1080.0,0,1,0,1,2.8,256,3,1024,0,3
1190,10,1,15.6,8.0,5,2.4,819.0,1,1920.0,1080.0,0,1,0,1,2.5,1,4,0,2,3
1191,15,0,12.3,4.0,1,1.15,659.0,3,2400.0,1600.0,1,1,0,2,2.0,32,0,0,2,1
1192,7,3,15.6,4.0,5,1.86,485.0,3,1366.0,768.0,0,0,0,1,2.5,500,1,0,2,2
1193,1,4,12.0,8.0,3,0.97,1163.0,3,2304.0,1440.0,0,1,1,1,1.1,256,0,0,2,2
1194,4,0,13.3,8.0,5,1.6,1199.0,1,1920.0,1080.0,1,1,0,1,2.5,256,3,0,2,2
1195,7,3,15.6,12.0,5,2.21,1327.0,1,1920.0,1080.0,0,1,0,1,2.8,128,3,1024,0,3
1196,10,3,15.6,4.0,4,1.9,368.0,3,1366.0,768.0,0,0,0,1,2.0,1,4,0,2,0
1197,2,1,17.3,16.0,5,3.78,2150.0,1,1920.0,1080.0,0,1,0,1,2.6,512,3,1024,0,3
1198,0,3,15.6,4.0,2,2.1,272.0,3,1366.0,768.0,0,0,0,1,2.0,1,4,0,2,2
1199,11,1,17.3,16.0,5,2.43,2048.9,1,1920.0,1080.0,0,0,0,1,2.8,256,3,1024,0,3
1200,4,3,15.6,4.0,5,2.3,499.0,3,1366.0,768.0,0,0,0,1,2.0,128,3,0,2,0
1201,10,3,15.6,8.0,4,2.2,629.0,3,1366.0,768.0,0,0,0,1,2.5,500,1,0,2,3
1202,4,0,15.6,16.0,5,2.0,1285.0,1,1920.0,1080.0,1,0,0,1,1.8,512,3,0,2,2
1203,4,4,13.3,16.0,5,1.2,2680.0,2,3200.0,1800.0,1,0,0,1,2.7,512,3,0,2,2
1204,2,1,15.6,8.0,5,2.2,1169.0,1,1920.0,1080.0,0,0,0,1,2.6,1,4,0,2,3
1205,4,3,15.6,8.0,5,2.36,889.0,1,1920.0,1080.0,0,0,0,1,2.5,256,3,0,2,0
1206,7,3,15.6,8.0,5,1.91,579.0,3,1366.0,768.0,0,0,0,1,2.5,256,3,0,2,2
1207,10,3,15.6,4.0,5,2.2,299.0,3,1366.0,768.0,0,0,0,0,2.2,500,1,0,2,0
1208,0,3,17.3,8.0,5,3.3,629.0,3,1600.0,900.0,0,0,0,1,2.0,1,4,0,2,3
1209,2,1,15.6,16.0,5,2.2,2449.0,1,1920.0,1080.0,0,0,0,1,2.8,256,3,1024,0,3
1210,1,4,12.0,8.0,3,0.97,1279.0,3,2304.0,1440.0,0,1,1,1,1.2,512,0,0,2,2
1211,2,3,15.6,16.0,5,2.2,1749.0,1,1920.0,1080.0,0,0,0,1,2.8,128,3,1024,0,3
1212,11,1,17.3,16.0,5,2.43,1948.99,1,1920.0,1080.0,0,1,0,1,2.6,256,3,1024,0,3
1213,4,0,15.6,8.0,5,2.191,999.0,1,1920.0,1080.0,1,1,0,1,2.5,256,3,0,2,2
1214,2,1,17.3,16.0,5,2.9,1949.0,1,1920.0,1080.0,0,0,0,1,2.8,256,3,1024,0,3
1215,0,2,11.6,2.0,1,1.3,229.0,3,1366.0,768.0,0,0,0,1,1.5,32,3,0,2,2
1216,0,3,17.3,4.0,5,3.3,598.0,3,1600.0,900.0,0,0,0,1,2.0,1,4,0,2,3
1217,10,3,17.3,8.0,4,2.8,539.0,3,1600.0,900.0,0,0,0,1,2.5,1,4,0,2,2
1218,10,1,15.6,8.0,5,2.6,1272.0,1,1920.0,1080.0,0,1,0,1,2.6,128,3,1024,0,3
1219,0,0,14.0,8.0,5,1.2,1149.0,1,1920.0,1080.0,1,1,0,1,1.3,256,3,0,2,2
1220,10,3,15.6,8.0,5,2.3,1529.0,1,1920.0,1080.0,0,1,0,1,2.6,256,3,0,2,2
1221,11,1,15.6,8.0,5,2.2,1476.11,1,1920.0,1080.0,0,0,0,1,2.6,128,3,1024,0,3
1222,7,3,15.6,6.0,5,2.1,529.0,1,1920.0,1080.0,0,0,0,0,2.7,1,4,0,2,0
1223,4,4,12.5,8.0,7,1.26,1713.37,1,1920.0,1080.0,1,0,0,1,2.4,256,3,0,2,2
1224,4,0,15.0,4.0,5,2.08,509.0,1,1920.0,1080.0,1,0,0,1,2.4,500,1,0,2,2
1225,2,3,15.6,4.0,5,2.65,309.0,3,1366.0,768.0,0,0,0,1,1.6,1,4,0,2,2
1226,4,4,13.3,8.0,5,1.29,1477.0,2,3200.0,1800.0,1,0,0,1,2.7,256,3,0,2,2
1227,4,3,15.6,4.0,2,2.18,521.86,3,1366.0,768.0,0,0,0,1,2.5,1,4,0,2,2
1228,10,1,15.6,16.0,5,2.6,1029.0,1,1920.0,1080.0,1,1,0,1,2.6,128,3,1024,0,3
1229,11,1,15.6,8.0,5,2.2,1149.0,1,1920.0,1080.0,0,0,0,1,2.8,128,3,1024,0,3
1230,10,2,12.5,16.0,5,1.3,1650.0,1,1920.0,1080.0,1,1,0,1,2.5,512,3,0,2,2
1231,14,1,14.0,16.0,5,1.95,2711.2200000000007,1,1920.0,1080.0,0,0,0,1,2.8,1,6,0,2,3
1232,4,3,15.6,8.0,5,2.3,469.01,3,1366.0,768.0,1,0,0,1,2.4,1,4,0,2,2
1233,11,1,17.3,16.0,5,2.7,1598.0,1,1920.0,1080.0,0,0,0,1,2.8,256,3,1024,0,3
1234,1,4,11.6,4.0,3,1.08,959.0,3,1366.0,768.0,0,0,0,1,1.6,256,0,0,2,2
1235,7,3,15.6,4.0,5,2.1,478.0,1,1920.0,1080.0,0,0,0,1,2.0,1,4,0,2,2
1236,7,4,14.0,8.0,7,1.54,2198.19,3,2560.0,1440.0,0,0,0,1,2.5,256,3,0,2,2
1237,4,3,15.6,4.0,7,2.24,737.0,3,1366.0,768.0,0,0,0,1,2.3,500,1,0,2,2
1238,11,1,15.6,8.0,5,2.3,1169.0,1,1920.0,1080.0,0,0,0,1,2.6,128,3,1024,0,3
1239,10,3,13.3,16.0,5,1.4,1499.0,1,1920.0,1080.0,0,1,0,1,2.7,512,3,0,2,2
1240,10,3,15.6,6.0,5,2.2,597.57,1,1920.0,1080.0,0,0,0,0,3.6,256,3,0,2,0
1241,2,4,13.3,8.0,5,1.45,1280.0,1,1920.0,1080.0,0,0,0,1,2.5,256,3,0,2,2
1242,0,3,15.6,4.0,2,2.4,361.8,3,1366.0,768.0,0,0,0,1,2.0,500,1,0,2,2
1243,4,0,17.3,16.0,5,2.77,1799.0,1,1920.0,1080.0,1,0,0,1,2.7,512,3,0,2,3
1244,7,3,14.0,4.0,7,1.54,1099.99,1,1920.0,1080.0,0,0,0,1,2.3,256,3,0,2,2
1245,2,1,15.6,16.0,5,2.5,1600.0,1,1920.0,1080.0,0,1,0,1,2.8,256,3,1024,0,3
1246,4,3,14.0,4.0,5,1.6,875.0,3,1366.0,768.0,0,0,0,1,2.5,500,1,0,2,2
1247,2,1,15.6,16.0,5,2.34,2325.0,1,1920.0,1080.0,0,1,0,1,2.6,256,3,1024,0,3
1248,10,3,15.6,8.0,4,2.3,573.0,1,1920.0,1080.0,0,1,0,1,2.5,256,3,0,2,2
1249,4,0,13.3,8.0,5,1.24,1813.0,2,3200.0,1800.0,1,0,0,1,1.2,256,3,0,2,2
1250,4,3,15.6,4.0,2,2.2,324.0,3,1366.0,768.0,0,0,0,1,1.6,500,1,0,2,2
1251,7,3,15.6,4.0,5,1.86,399.0,3,1366.0,768.0,0,0,0,0,2.5,500,1,0,2,0
1252,10,3,15.6,6.0,5,2.4,569.0,1,1920.0,1080.0,0,0,0,1,2.3,128,3,0,2,3
1253,10,3,14.0,8.0,5,1.9,1072.0,1,1920.0,1080.0,0,1,0,1,2.3,256,3,0,2,2
1254,4,3,15.6,4.0,5,2.2,443.99,3,1366.0,768.0,0,0,0,1,1.6,500,1,0,2,2
1255,2,3,15.6,4.0,5,2.0,339.0,3,1366.0,768.0,0,0,0,1,1.1,1,4,0,2,2
1256,2,1,17.3,16.0,5,3.78,1900.0,1,1920.0,1080.0,0,1,0,1,2.6,128,3,1024,0,3
1257,4,3,15.6,4.0,5,2.29,490.0,3,1366.0,768.0,0,0,0,1,2.0,500,1,0,2,2
1258,10,3,15.6,8.0,7,2.32,895.0,1,1920.0,1080.0,0,0,0,1,2.5,1,5,0,2,0
1259,11,1,15.6,8.0,5,2.4,1229.0,1,1920.0,1080.0,0,0,0,1,2.6,128,3,1024,0,3
1260,10,0,14.0,4.0,5,1.8,833.01,1,1920.0,1080.0,1,0,0,1,2.3,128,3,0,2,2
1261,2,4,13.3,8.0,5,1.2,729.0,1,1920.0,1080.0,0,1,0,1,0.9,512,3,0,2,2
1262,4,3,15.6,6.0,5,2.3,459.0,3,1366.0,768.0,0,0,0,1,2.4,1,4,0,2,2
1263,0,3,15.6,4.0,2,2.4,289.0,3,1366.0,768.0,0,0,0,1,1.6,500,1,0,2,2
1264,4,3,15.6,2.0,5,2.2,379.0,3,1366.0,768.0,0,0,0,1,1.6,500,1,0,2,2
1265,10,3,15.6,8.0,5,2.6,899.0,1,1920.0,1080.0,0,1,0,1,2.6,1,4,0,2,3
1266,7,3,15.6,6.0,5,2.04,549.99,1,1920.0,1080.0,0,0,0,0,2.9,1,5,0,2,0
1267,4,3,15.6,8.0,2,2.3,805.99,3,1366.0,768.0,0,0,0,1,2.7,1,4,0,2,0
1268,7,2,11.6,2.0,5,1.17,229.0,3,1366.0,768.0,0,0,0,1,1.6,32,0,0,2,2
1269,2,3,15.6,4.0,5,2.2,720.32,3,1366.0,768.0,0,0,0,1,2.5,500,1,0,2,3
1270,10,0,14.0,4.0,5,1.8,638.0,1,1920.0,1080.0,1,1,0,1,2.5,128,3,0,2,2
1271,10,0,13.3,16.0,5,1.3,1499.0,2,3200.0,1800.0,1,1,0,1,2.5,512,3,0,2,2
1272,10,3,14.0,2.0,5,1.5,229.0,3,1366.0,768.0,0,0,0,1,1.6,64,0,0,2,2
1273,7,3,15.6,6.0,5,2.19,764.0,3,1366.0,768.0,0,0,0,1,2.5,1,4,0,2,0
1274,2,3,15.6,4.0,5,2.2,369.0,3,1366.0,768.0,0,0,0,1,1.6,500,1,0,2,2
1275,2,4,13.3,8.0,5,1.2,729.0,1,1920.0,1080.0,0,1,0,1,0.9,512,3,0,2,2
1276,4,3,15.6,6.0,5,2.3,459.0,3,1366.0,768.0,0,0,0,1,2.4,1,4,0,2,2
1277,0,3,15.6,4.0,2,2.4,289.0,3,1366.0,768.0,0,0,0,1,1.6,500,1,0,2,2
1278,4,3,15.6,2.0,5,2.2,379.0,3,1366.0,768.0,0,0,0,1,1.6,500,1,0,2,2
1279,10,3,15.6,8.0,5,2.6,899.0,1,1920.0,1080.0,0,1,0,1,2.6,1,4,0,2,3
1280,7,3,15.6,6.0,5,2.04,549.99,1,1920.0,1080.0,0,0,0,0,2.9,1,5,0,2,0
1281,4,3,15.6,8.0,2,2.3,805.99,3,1366.0,768.0,0,0,0,1,2.7,1,4,0,2,0
1282,7,2,11.6,2.0,5,1.17,229.0,3,1366.0,768.0,0,0,0,1,1.6,32,0,0,2,2
1283,2,3,15.6,4.0,5,2.2,720.32,3,1366.0,768.0,0,0,0,1,2.5,500,1,0,2,3
1284,10,0,14.0,4.0,5,1.8,638.0,1,1920.0,1080.0,1,1,0,1,2.5,128,3,0,2,2
1285,10,0,13.3,16.0,5,1.3,1499.0,2,3200.0,1800.0,1,1,0,1,2.5,512,3,0,2,2
1286,10,3,14.0,2.0,5,1.5,229.0,3,1366.0,768.0,0,0,0,1,1.6,64,0,0,2,2
1287,7,3,15.6,6.0,5,2.19,764.0,3,1366.0,768.0,0,0,0,1,2.5,1,4,0,2,0
1288,2,3,15.6,4.0,5,2.2,369.0,3,1366.0,768.0,0,0,0,1,1.6,500,1,0,2,2
1289,2,4,13.3,8.0,5,1.2,729.0,1,1920.0,1080.0,0,1,0,1,0.9,512,3,0,2,2
1290,4,3,15.6,6.0,5,2.3,459.0,3,1366.0,768.0,0,0,0,1,2.4,1,4,0,2,2
1291,0,3,15.6,4.0,2,2.4,289.0,3,1366.0,768.0,0,0,0,1,1.6,500,1,0,2,2
1292,4,3,15.6,2.0,5,2.2,379.0,3,1366.0,768.0,0,0,0,1,1.6,500,1,0,2,2
1293,10,3,15.6,8.0,5,2.6,899.0,1,1920.0,1080.0,0,1,0,1,2.6,1,4,0,2,3
1294,7,3,15.6,6.0,5,2.04,549.99,1,1920.0,1080.0,0,0,0,0,2.9,1,5,0,2,0
1295,4,3,15.6,8.0,2,2.3,805.99,3,1366.0,768.0,0,0,0,1,2.7,1,4,0,2,0
1296,7,2,11.6,2.0,5,1.17,229.0,3,1366.0,768.0,0,0,0,1,1.6,32,0,0,2,2
1297,2,3,15.6,4.0,5,2.2,720.32,3,1366.0,768.0,0,0,0,1,2.5,500,1,0,2,3
1298,10,0,14.0,4.0,5,1.8,638.0,1,1920.0,1080.0,1,1,0,1,2.5,128,3,0,2,2
1299,10,0,13.3,16.0,5,1.3,1499.0,2,3200.0,1800.0,1,1,0,1,2.5,512,3,0,2,2
1300,10,3,14.0,2.0,5,1.5,229.0,3,1366.0,768.0,0,0,0,1,1.6,64,0,0,2,2
1301,7,3,15.6,6.0,5,2.19,764.0,3,1366.0,768.0,0,0,0,1,2.5,1,4,0,2,0
1302,2,3,15.6,4.0,5,2.2,369.0,3,1366.0,768.0,0,0,0,1,1.6,500,1,0,2,2
